  0
SECTION
  2
HEADER
  9
$ACADVER
  1
AC1014
  9
$ACADMAINTVER
 70
     9
  9
$DWGCODEPAGE
  3
ANSI_1252
  9
$INSBASE
 10
0.0
 20
0.0
 30
0.0
  9
$EXTMIN
 10
1.000000000000000E+20
 20
1.000000000000000E+20
 30
1.000000000000000E+20
  9
$EXTMAX
 10
-1.000000000000000E+20
 20
-1.000000000000000E+20
 30
-1.000000000000000E+20
  9
$LIMMIN
 10
0.0
 20
0.0
  9
$LIMMAX
 10
420.0
 20
297.0
  9
$ORTHOMODE
 70
     0
  9
$REGENMODE
 70
     1
  9
$FILLMODE
 70
     1
  9
$QTEXTMODE
 70
     0
  9
$MIRRTEXT
 70
     1
  9
$DRAGMODE
 70
     2
  9
$LTSCALE
 40
1.0
  9
$OSMODE
 70
    37
  9
$ATTMODE
 70
     1
  9
$TEXTSIZE
 40
2.5
  9
$TRACEWID
 40
1.0
  9
$TEXTSTYLE
  7
STANDARD
  9
$CLAYER
  8
0
  9
$CELTYPE
  6
BYLAYER
  9
$CECOLOR
 62
   256
  9
$CELTSCALE
 40
1.0
  9
$DELOBJ
 70
     1
  9
$DISPSILH
 70
     0
  9
$DIMSCALE
 40
1.0
  9
$DIMASZ
 40
2.5
  9
$DIMEXO
 40
0.625
  9
$DIMDLI
 40
3.75
  9
$DIMRND
 40
0.0
  9
$DIMDLE
 40
0.0
  9
$DIMEXE
 40
1.25
  9
$DIMTP
 40
0.0
  9
$DIMTM
 40
0.0
  9
$DIMTXT
 40
2.5
  9
$DIMCEN
 40
2.5
  9
$DIMTSZ
 40
0.0
  9
$DIMTOL
 70
     0
  9
$DIMLIM
 70
     0
  9
$DIMTIH
 70
     0
  9
$DIMTOH
 70
     0
  9
$DIMSE1
 70
     0
  9
$DIMSE2
 70
     0
  9
$DIMTAD
 70
     1
  9
$DIMZIN
 70
     8
  9
$DIMBLK
  1

  9
$DIMASO
 70
     1
  9
$DIMSHO
 70
     1
  9
$DIMPOST
  1

  9
$DIMAPOST
  1

  9
$DIMALT
 70
     0
  9
$DIMALTD
 70
     3
  9
$DIMALTF
 40
0.03937007874016
  9
$DIMLFAC
 40
1.0
  9
$DIMTOFL
 70
     1
  9
$DIMTVP
 40
0.0
  9
$DIMTIX
 70
     0
  9
$DIMSOXD
 70
     0
  9
$DIMSAH
 70
     0
  9
$DIMBLK1
  1

  9
$DIMBLK2
  1

  9
$DIMSTYLE
  2
ISO-25
  9
$DIMCLRD
 70
     0
  9
$DIMCLRE
 70
     0
  9
$DIMCLRT
 70
     0
  9
$DIMTFAC
 40
1.0
  9
$DIMGAP
 40
0.625
  9
$DIMJUST
 70
     0
  9
$DIMSD1
 70
     0
  9
$DIMSD2
 70
     0
  9
$DIMTOLJ
 70
     0
  9
$DIMTZIN
 70
     8
  9
$DIMALTZ
 70
     0
  9
$DIMALTTZ
 70
     0
  9
$DIMFIT
 70
     3
  9
$DIMUPT
 70
     0
  9
$DIMUNIT
 70
     2
  9
$DIMDEC
 70
     2
  9
$DIMTDEC
 70
     2
  9
$DIMALTU
 70
     2
  9
$DIMALTTD
 70
     3
  9
$DIMTXSTY
  7
STANDARD
  9
$DIMAUNIT
 70
     0
  9
$LUNITS
 70
     2
  9
$LUPREC
 70
     4
  9
$SKETCHINC
 40
1.0
  9
$FILLETRAD
 40
0.0
  9
$AUNITS
 70
     0
  9
$AUPREC
 70
     0
  9
$MENU
  1
.
  9
$ELEVATION
 40
0.0
  9
$PELEVATION
 40
0.0
  9
$THICKNESS
 40
0.0
  9
$LIMCHECK
 70
     0
  9
$CHAMFERA
 40
0.0
  9
$CHAMFERB
 40
0.0
  9
$CHAMFERC
 40
0.0
  9
$CHAMFERD
 40
0.0
  9
$SKPOLY
 70
     0
  9
$TDCREATE
 40
2461105.933865799
  9
$TDUPDATE
 40
2461105.933865868
  9
$TDINDWG
 40
0.0000000116
  9
$TDUSRTIMER
 40
0.0000000116
  9
$USRTIMER
 70
     1
  9
$ANGBASE
 50
0.0
  9
$ANGDIR
 70
     0
  9
$PDMODE
 70
     0
  9
$PDSIZE
 40
0.0
  9
$PLINEWID
 40
0.0
  9
$COORDS
 70
     1
  9
$SPLFRAME
 70
     0
  9
$SPLINETYPE
 70
     6
  9
$SPLINESEGS
 70
     8
  9
$ATTDIA
 70
     0
  9
$ATTREQ
 70
     1
  9
$HANDLING
 70
     1
  9
$HANDSEED
  5
10000257
  9
$SURFTAB1
 70
     6
  9
$SURFTAB2
 70
     6
  9
$SURFTYPE
 70
     6
  9
$SURFU
 70
     6
  9
$SURFV
 70
     6
  9
$UCSNAME
  2

  9
$UCSORG
 10
0.0
 20
0.0
 30
0.0
  9
$UCSXDIR
 10
1.0
 20
0.0
 30
0.0
  9
$UCSYDIR
 10
0.0
 20
1.0
 30
0.0
  9
$PUCSNAME
  2

  9
$PUCSORG
 10
0.0
 20
0.0
 30
0.0
  9
$PUCSXDIR
 10
1.0
 20
0.0
 30
0.0
  9
$PUCSYDIR
 10
0.0
 20
1.0
 30
0.0
  9
$USERI1
 70
     0
  9
$USERI2
 70
     0
  9
$USERI3
 70
     0
  9
$USERI4
 70
     0
  9
$USERI5
 70
     0
  9
$USERR1
 40
0.0
  9
$USERR2
 40
0.0
  9
$USERR3
 40
0.0
  9
$USERR4
 40
0.0
  9
$USERR5
 40
0.0
  9
$WORLDVIEW
 70
     1
  9
$SHADEDGE
 70
     3
  9
$SHADEDIF
 70
    70
  9
$TILEMODE
 70
     1
  9
$MAXACTVP
 70
    64
  9
$PINSBASE
 10
0.0
 20
0.0
 30
0.0
  9
$PLIMCHECK
 70
     0
  9
$PEXTMIN
 10
1.000000000000000E+20
 20
1.000000000000000E+20
 30
1.000000000000000E+20
  9
$PEXTMAX
 10
-1.000000000000000E+20
 20
-1.000000000000000E+20
 30
-1.000000000000000E+20
  9
$PLIMMIN
 10
0.0
 20
0.0
  9
$PLIMMAX
 10
420.0
 20
297.0
  9
$UNITMODE
 70
     0
  9
$VISRETAIN
 70
     1
  9
$PLINEGEN
 70
     0
  9
$PSLTSCALE
 70
     1
  9
$TREEDEPTH
 70
  3020
  9
$PICKSTYLE
 70
     1
  9
$CMLSTYLE
  2
STANDARD
  9
$CMLJUST
 70
     0
  9
$CMLSCALE
 40
20.0
  9
$PROXYGRAPHICS
 70
     1
  9
$MEASUREMENT
 70
     1
  0
ENDSEC
  0
SECTION
  2
CLASSES
  0
CLASS
  1
ACDBDICTIONARYWDFLT
  2
AcDbDictionaryWithDefault
  3
ObjectDBX Classes
 90
        0
280
     0
281
     0
  0
CLASS
  1
VISUALSTYLE
  2
AcDbVisualStyle
  3
ObjectDBX Classes
 90
     4095
280
     0
281
     0
  0
CLASS
  1
MATERIAL
  2
AcDbMaterial
  3
ObjectDBX Classes
 90
     1153
280
     0
281
     0
  0
CLASS
  1
SCALE
  2
AcDbScale
  3
ObjectDBX Classes
 90
     1153
280
     0
281
     0
  0
CLASS
  1
TABLESTYLE
  2
AcDbTableStyle
  3
ObjectDBX Classes
 90
     4095
280
     0
281
     0
  0
CLASS
  1
MLEADERSTYLE
  2
AcDbMLeaderStyle
  3
ACDB_MLEADERSTYLE_CLASS
 90
     4095
280
     0
281
     0
  0
CLASS
  1
SUN
  2
AcDbSun
  3
SCENEOE
 90
     1153
280
     0
281
     0
  0
CLASS
  1
SORTENTSTABLE
  2
AcDbSortentsTable
  3
ObjectDBX Classes
 90
        0
280
     0
281
     0
  0
CLASS
  1
DICTIONARYVAR
  2
AcDbDictionaryVar
  3
ObjectDBX Classes
 90
        0
280
     0
281
     0
  0
CLASS
  1
XRECORD
  2
AcDbXrecord
  3
ObjectDBX Classes
 90
        0
280
     0
281
     0
  0
CLASS
  1
LWPOLYLINE
  2
AcDbPolyline
  3
ObjectDBX Classes
 90
        0
280
     0
281
     1
  0
CLASS
  1
HATCH
  2
AcDbHatch
  3
ObjectDBX Classes
 90
        0
280
     0
281
     1
  0
CLASS
  1
ACDBPLACEHOLDER
  2
AcDbPlaceHolder
  3
ObjectDBX Classes
 90
        0
280
     0
281
     0
  0
CLASS
  1
LAYOUT
  2
AcDbLayout
  3
ObjectDBX Classes
 90
        0
280
     0
281
     0
  0
ENDSEC
  0
SECTION
  2
TABLES
  0
TABLE
  2
VPORT
  5
8
102
{ACAD_XDICTIONARY
360
1000024C
102
}
330
0
100
AcDbSymbolTable
 70
     1
  0
VPORT
  5
29
330
8
100
AcDbSymbolTableRecord
100
AcDbViewportTableRecord
  2
*ACTIVE
 70
     0
 10
0.0
 20
0.0
 11
1.0
 21
1.0
 12
344.1869158878504
 22
148.5
 13
0.0
 23
0.0
 14
10.0
 24
10.0
 15
10.0
 25
10.0
 16
0.0
 26
0.0
 36
1.0
 17
0.0
 27
0.0
 37
0.0
 40
297.0
 41
1.972972972850329
 42
50.0
 43
0.0
 44
0.0
 50
0.0
 51
0.0
 71
     0
 72
   100
 73
     1
 74
     3
 75
     0
 76
     0
 77
     0
 78
     0
  0
ENDTAB
  0
TABLE
  2
LTYPE
  5
5
330
0
100
AcDbSymbolTable
 70
     7
  0
LTYPE
  5
14
330
5
100
AcDbSymbolTableRecord
100
AcDbLinetypeTableRecord
  2
BYBLOCK
 70
     0
  3

 72
    65
 73
     0
 40
0.0
  0
LTYPE
  5
15
330
5
100
AcDbSymbolTableRecord
100
AcDbLinetypeTableRecord
  2
BYLAYER
 70
     0
  3

 72
    65
 73
     0
 40
0.0
  0
LTYPE
  5
16
330
5
100
AcDbSymbolTableRecord
100
AcDbLinetypeTableRecord
  2
CONTINUOUS
 70
     0
  3
Solid line
 72
    65
 73
     0
 40
0.0
  0
LTYPE
  5
10000024
330
5
100
AcDbSymbolTableRecord
100
AcDbLinetypeTableRecord
  2
ONS_PHANTOM
 70
     0
  3
Onshape Phantom line ______ __ __ ______
 72
    65
 73
     6
 40
0.4999999999999999
 49
0.25
 74
     0
 49
-0.05
 74
     0
 49
0.05
 74
     0
 49
-0.05
 74
     0
 49
0.05
 74
     0
 49
-0.05
 74
     0
  0
LTYPE
  5
10000025
330
5
100
AcDbSymbolTableRecord
100
AcDbLinetypeTableRecord
  2
CENTER
 70
     0
  3
Center line ____ _ ____ _ ____ _
 72
    65
 73
     4
 40
0.7874015748031495
 49
0.4921259842519685
 74
     0
 49
-0.0984251968503937
 74
     0
 49
0.0984251968503937
 74
     0
 49
-0.0984251968503937
 74
     0
  0
LTYPE
  5
10000026
330
5
100
AcDbSymbolTableRecord
100
AcDbLinetypeTableRecord
  2
DASHED
 70
     0
  3
Dashed line __ __ __ __ __
 72
    65
 73
     2
 40
0.75
 49
0.5
 74
     0
 49
-0.25
 74
     0
  0
LTYPE
  5
10000027
330
5
100
AcDbSymbolTableRecord
100
AcDbLinetypeTableRecord
  2
ONS_DASHDOT
 70
     0
  3
Onshape Dashed with Dot _ . ____ . ____
 72
    65
 73
     4
 40
0.71
 49
0.5
 74
     0
 49
-0.1
 74
     0
 49
0.01
 74
     0
 49
-0.1
 74
     0
  0
LTYPE
  5
10000028
330
5
100
AcDbSymbolTableRecord
100
AcDbLinetypeTableRecord
  2
ONS_DOTTED
 70
     0
  3
Onshape Dotted line . . . . . . .
 72
    65
 73
     2
 40
0.11
 49
0.01
 74
     0
 49
-0.1
 74
     0
  0
LTYPE
  5
10000029
330
5
100
AcDbSymbolTableRecord
100
AcDbLinetypeTableRecord
  2
HIDDEN
 70
     0
  3
Hidden line ____ ____ ____ ____ 
 72
    65
 73
     2
 40
0.15
 49
0.1
 74
     0
 49
-0.05
 74
     0
  0
ENDTAB
  0
TABLE
  2
LAYER
  5
2
330
0
100
AcDbSymbolTable
 70
    48
  0
LAYER
  5
10
330
2
100
AcDbSymbolTableRecord
100
AcDbLayerTableRecord
  2
0
 70
     0
 62
     7
  6
CONTINUOUS
  0
LAYER
  5
1000002A
330
2
100
AcDbSymbolTableRecord
100
AcDbLayerTableRecord
  2
SECTION_CUTTING_LINE
 70
     0
 62
     7
  6
ONS_DASHDOT
  0
LAYER
  5
1000002B
330
2
100
AcDbSymbolTableRecord
100
AcDbLayerTableRecord
  2
DETAIL_VIEW_BORDER
 70
     0
 62
     7
  6
CONTINUOUS
  0
LAYER
  5
1000002C
330
2
100
AcDbSymbolTableRecord
100
AcDbLayerTableRecord
  2
DETAIL_VIEW_PARENT_BORDER
 70
     0
 62
     7
  6
ONS_PHANTOM
  0
LAYER
  5
1000002D
330
2
100
AcDbSymbolTableRecord
100
AcDbLayerTableRecord
  2
TEXT
 70
     0
 62
     7
  6
CONTINUOUS
  0
LAYER
  5
1000002E
330
2
100
AcDbSymbolTableRecord
100
AcDbLayerTableRecord
  2
SKETCHED_GEOMETRY
 70
     0
 62
    -7
  6
CONTINUOUS
  0
LAYER
  5
1000002F
330
2
100
AcDbSymbolTableRecord
100
AcDbLayerTableRecord
  2
VIRTUAL_SHARPS
 70
     0
 62
    -7
  6
CONTINUOUS
  0
LAYER
  5
10000030
330
2
100
AcDbSymbolTableRecord
100
AcDbLayerTableRecord
  2
CENTERLINES
 70
     0
 62
    -7
  6
CENTER
  0
LAYER
  5
10000031
330
2
100
AcDbSymbolTableRecord
100
AcDbLayerTableRecord
  2
CENTERMARKS
 70
     0
 62
    -7
  6
CONTINUOUS
  0
LAYER
  5
10000032
330
2
100
AcDbSymbolTableRecord
100
AcDbLayerTableRecord
  2
TABLES
 70
     0
 62
     7
  6
CONTINUOUS
  0
LAYER
  5
10000033
330
2
100
AcDbSymbolTableRecord
100
AcDbLayerTableRecord
  2
IMAGES
 70
     0
 62
    -7
  6
CONTINUOUS
  0
LAYER
  5
10000034
330
2
100
AcDbSymbolTableRecord
100
AcDbLayerTableRecord
  2
ANNOTATION_LINES
 70
     0
 62
    -7
  6
CONTINUOUS
  0
LAYER
  5
10000035
330
2
100
AcDbSymbolTableRecord
100
AcDbLayerTableRecord
  2
ANNOTATION_TEXT
 70
     0
 62
    -7
  6
CONTINUOUS
  0
LAYER
  5
10000036
330
2
100
AcDbSymbolTableRecord
100
AcDbLayerTableRecord
  2
SIDE_THREAD_SYMBOLS
 70
     0
 62
     7
  6
CONTINUOUS
  0
LAYER
  5
10000037
330
2
100
AcDbSymbolTableRecord
100
AcDbLayerTableRecord
  2
SIDE_THREAD_SYMBOLS_HIDDEN
 70
     0
 62
    -7
  6
HIDDEN
  0
LAYER
  5
10000038
330
2
100
AcDbSymbolTableRecord
100
AcDbLayerTableRecord
  2
SURFACE_THREAD_SYMBOLS
 70
     0
 62
     7
  6
CONTINUOUS
  0
LAYER
  5
10000039
330
2
100
AcDbSymbolTableRecord
100
AcDbLayerTableRecord
  2
SURFACE_THREAD_SYMBOLS_ON_
 70
     0
 62
     7
  6
CONTINUOUS
  0
LAYER
  5
1000003A
330
2
100
AcDbSymbolTableRecord
100
AcDbLayerTableRecord
  2
SURFACE_THREAD_SYMBOLS_HID
 70
     0
 62
    -7
  6
HIDDEN
  0
LAYER
  5
1000003B
330
2
100
AcDbSymbolTableRecord
100
AcDbLayerTableRecord
  2
BLIND_THREAD_SYMBOLS
 70
     0
 62
     7
  6
CONTINUOUS
  0
LAYER
  5
1000003C
330
2
100
AcDbSymbolTableRecord
100
AcDbLayerTableRecord
  2
BLIND_THREAD_SYMBOLS_HIDDE
 70
     0
 62
    -7
  6
HIDDEN
  0
LAYER
  5
1000003D
330
2
100
AcDbSymbolTableRecord
100
AcDbLayerTableRecord
  2
EXPLODE_LINES
 70
     0
 62
     7
  6
ONS_PHANTOM
  0
LAYER
  5
1000003E
330
2
100
AcDbSymbolTableRecord
100
AcDbLayerTableRecord
  2
HIDDEN_EXPLODE_LINES
 70
     0
 62
    -7
  6
ONS_PHANTOM
  0
LAYER
  5
1000003F
330
2
100
AcDbSymbolTableRecord
100
AcDbLayerTableRecord
  2
BREAK_LINES
 70
     0
 62
    -7
  6
CONTINUOUS
  0
LAYER
  5
10000040
330
2
100
AcDbSymbolTableRecord
100
AcDbLayerTableRecord
  2
SHEETMETAL_BEND_LINES_UP
 70
     0
 62
     7
  6
CENTER
  0
LAYER
  5
10000041
330
2
100
AcDbSymbolTableRecord
100
AcDbLayerTableRecord
  2
SHEETMETAL_BEND_LINES_DOWN
 70
     0
 62
     7
  6
CENTER
  0
LAYER
  5
10000042
330
2
100
AcDbSymbolTableRecord
100
AcDbLayerTableRecord
  2
SHEETMETAL_BEND_TANGENT_LI
 70
     0
 62
     7
  6
CONTINUOUS
  0
LAYER
  5
10000043
330
2
100
AcDbSymbolTableRecord
100
AcDbLayerTableRecord
  2
SHEETMETAL_CUT_LINES
 70
     0
 62
     7
  6
CONTINUOUS
  0
LAYER
  5
10000044
330
2
100
AcDbSymbolTableRecord
100
AcDbLayerTableRecord
  2
SHEETMETAL_CBORE_CSINK_UP
 70
     0
 62
     7
  6
CONTINUOUS
  0
LAYER
  5
10000045
330
2
100
AcDbSymbolTableRecord
100
AcDbLayerTableRecord
  2
SHEETMETAL_CBORE_CSINK_DOW
 70
     0
 62
     7
  6
CONTINUOUS
  0
LAYER
  5
10000046
330
2
100
AcDbSymbolTableRecord
100
AcDbLayerTableRecord
  2
SHEETMETAL_CBORE_CSINK_UP_
 70
     0
 62
    -7
  6
HIDDEN
  0
LAYER
  5
10000047
330
2
100
AcDbSymbolTableRecord
100
AcDbLayerTableRecord
  2
SHEETMETAL_CBORE_CSINK_DO0
 70
     0
 62
    -7
  6
HIDDEN
  0
LAYER
  5
10000048
330
2
100
AcDbSymbolTableRecord
100
AcDbLayerTableRecord
  2
SHEETMETAL_FORM_TEAR
 70
     0
 62
     7
  6
CONTINUOUS
  0
LAYER
  5
10000049
330
2
100
AcDbSymbolTableRecord
100
AcDbLayerTableRecord
  2
SHEETMETAL_FORM_UP
 70
     0
 62
     7
  6
CENTER
  0
LAYER
  5
1000004A
330
2
100
AcDbSymbolTableRecord
100
AcDbLayerTableRecord
  2
SHEETMETAL_FORM_DOWN
 70
     0
 62
     7
  6
CENTER
  0
LAYER
  5
1000004B
330
2
100
AcDbSymbolTableRecord
100
AcDbLayerTableRecord
  2
SHEETMETAL_FORM_CENTERMARK
 70
     0
 62
     7
  6
CENTER
  0
LAYER
  5
1000004C
330
2
100
AcDbSymbolTableRecord
100
AcDbLayerTableRecord
  2
REGION_ASSOC_POINTS
 70
     0
 62
    -7
  6
CONTINUOUS
  0
LAYER
  5
1000004D
330
2
100
AcDbSymbolTableRecord
100
AcDbLayerTableRecord
  2
PATTERN_CENTERLINES
 70
     1
 62
    -7
  6
CENTER
  0
LAYER
  5
1000004E
330
2
100
AcDbSymbolTableRecord
100
AcDbLayerTableRecord
  2
HIDDEN
 70
     0
 62
    -7
  6
HIDDEN
  0
LAYER
  5
1000004F
330
2
100
AcDbSymbolTableRecord
100
AcDbLayerTableRecord
  2
VISIBLE
 70
     0
 62
     7
  6
CONTINUOUS
  0
LAYER
  5
10000050
330
2
100
AcDbSymbolTableRecord
100
AcDbLayerTableRecord
  2
MODELSKETCH_VISIBLE
 70
     0
 62
     7
  6
CONTINUOUS
  0
LAYER
  5
10000051
330
2
100
AcDbSymbolTableRecord
100
AcDbLayerTableRecord
  2
MODELSKETCH_POINT
 70
     0
 62
     7
  6
CONTINUOUS
  0
LAYER
  5
10000052
330
2
100
AcDbSymbolTableRecord
100
AcDbLayerTableRecord
  2
MODELSKETCH_CONSTRUCTION
 70
     0
 62
    -7
  6
CENTER
  0
LAYER
  5
10000053
330
2
100
AcDbSymbolTableRecord
100
AcDbLayerTableRecord
  2
HIDDEN_BASE_VIEW
 70
     0
 62
     7
  6
CONTINUOUS
  0
LAYER
  5
10000054
330
2
100
AcDbSymbolTableRecord
100
AcDbLayerTableRecord
  2
TANGENT_LINES
 70
     0
 62
    -7
  6
CONTINUOUS
  0
LAYER
  5
10000055
330
2
100
AcDbSymbolTableRecord
100
AcDbLayerTableRecord
  2
TANGENT_HIDDEN
 70
     0
 62
    -7
  6
HIDDEN
  0
LAYER
  5
10000056
330
2
100
AcDbSymbolTableRecord
100
AcDbLayerTableRecord
  2
INVISIBLE_LINES
 70
     0
 62
    -7
  6
CONTINUOUS
  0
LAYER
  5
10000057
330
2
100
AcDbSymbolTableRecord
100
AcDbLayerTableRecord
  2
VIEW_HATCHES
 70
     0
 62
    -7
  6
CONTINUOUS
  0
LAYER
  5
10000058
330
2
100
AcDbSymbolTableRecord
100
AcDbLayerTableRecord
  2
SECTION_JOG_LINES
 70
     0
 62
    -7
  6
CONTINUOUS
  0
ENDTAB
  0
TABLE
  2
STYLE
  5
3
330
0
100
AcDbSymbolTable
 70
     2
  0
STYLE
  5
11
330
3
100
AcDbSymbolTableRecord
100
AcDbTextStyleTableRecord
  2
STANDARD
 70
     0
 40
0.0
 41
1.0
 50
0.0
 71
     0
 42
2.5
  3
txt
  4

  0
STYLE
  5
10000004
330
3
100
AcDbSymbolTableRecord
100
AcDbTextStyleTableRecord
  2
TTFSTYLE
 70
     0
 40
0.0
 41
1.0
 50
0.0
 71
     0
 42
2.5
  3

  4

1001
ACAD
1000
Verdana
1071
       34
  0
ENDTAB
  0
TABLE
  2
VIEW
  5
6
330
0
100
AcDbSymbolTable
 70
     0
  0
ENDTAB
  0
TABLE
  2
UCS
  5
7
330
0
100
AcDbSymbolTable
 70
     0
  0
ENDTAB
  0
TABLE
  2
APPID
  5
9
330
0
100
AcDbSymbolTable
 70
     2
  0
APPID
  5
12
330
9
100
AcDbSymbolTableRecord
100
AcDbRegAppTableRecord
  2
ACAD
 70
     0
  0
APPID
  5
10000256
330
9
100
AcDbSymbolTableRecord
100
AcDbRegAppTableRecord
  2
ACAD_MLEADERVER
 70
     0
  0
ENDTAB
  0
TABLE
  2
DIMSTYLE
  5
A
330
0
100
AcDbSymbolTable
 70
     1
  0
DIMSTYLE
105
27
330
A
100
AcDbSymbolTableRecord
100
AcDbDimStyleTableRecord
  2
ISO-25
 70
     0
  3

  4

  5

  6

  7

 40
1.0
 41
2.5
 42
0.625
 43
3.75
 44
1.25
 45
0.0
 46
0.0
 47
0.0
 48
0.0
140
2.5
141
2.5
142
0.0
143
0.03937007874016
144
1.0
145
0.0
146
1.0
147
0.625
 71
     0
 72
     0
 73
     0
 74
     0
 75
     0
 76
     0
 77
     1
 78
     8
170
     0
171
     3
172
     1
173
     0
174
     0
175
     0
176
     0
177
     0
178
     0
270
     2
271
     2
272
     2
273
     2
274
     3
340
11
275
     0
280
     0
281
     0
282
     0
283
     0
284
     8
285
     0
286
     0
287
     3
288
     0
  0
ENDTAB
  0
TABLE
  2
BLOCK_RECORD
  5
1
330
0
100
AcDbSymbolTable
 70
     0
  0
BLOCK_RECORD
  5
1F
102
{ACAD_XDICTIONARY
360
1000021D
102
}
330
1
100
AcDbSymbolTableRecord
100
AcDbBlockTableRecord
  2
*MODEL_SPACE
  0
BLOCK_RECORD
  5
1B
330
1
100
AcDbSymbolTableRecord
100
AcDbBlockTableRecord
  2
*PAPER_SPACE
  0
ENDTAB
  0
ENDSEC
  0
SECTION
  2
BLOCKS
  0
BLOCK
  5
20
330
1F
100
AcDbEntity
  8
0
100
AcDbBlockBegin
  2
*MODEL_SPACE
 70
     0
 10
0.0
 20
0.0
 30
0.0
  3
*MODEL_SPACE
  1

  0
ENDBLK
  5
21
330
1F
100
AcDbEntity
  8
0
100
AcDbBlockEnd
  0
BLOCK
  5
1C
330
1B
100
AcDbEntity
 67
     1
  8
0
100
AcDbBlockBegin
  2
*PAPER_SPACE
 70
     0
 10
0.0
 20
0.0
 30
0.0
  3
*PAPER_SPACE
  1

  0
ENDBLK
  5
1D
330
1B
100
AcDbEntity
 67
     1
  8
0
100
AcDbBlockEnd
  0
ENDSEC
  0
SECTION
  2
ENTITIES
  0
LINE
  5
10000059
102
{ACAD_XDICTIONARY
360
1000005A
102
}
330
1F
100
AcDbEntity
  8
MODELSKETCH_VISIBLE
100
AcDbLine
 10
-31.72787498726122
 20
-6.308882710852709
 30
0.0
 11
-38.70214767152417
 21
-6.308882710852709
 31
0.0
  0
LINE
  5
1000005D
102
{ACAD_XDICTIONARY
360
1000005E
102
}
330
1F
100
AcDbEntity
  8
MODELSKETCH_VISIBLE
100
AcDbLine
 10
-31.72787498726122
 20
-4.991793915748476
 30
0.0
 11
-31.72787498726122
 21
-6.308882710852709
 31
0.0
  0
LINE
  5
10000061
102
{ACAD_XDICTIONARY
360
10000062
102
}
330
1F
100
AcDbEntity
  8
MODELSKETCH_VISIBLE
100
AcDbLine
 10
-37.24814735925734
 20
-4.991793915748476
 30
0.0
 11
-31.72787498726122
 21
-4.991793915748476
 31
0.0
  0
LINE
  5
10000065
102
{ACAD_XDICTIONARY
360
10000066
102
}
330
1F
100
AcDbEntity
  8
MODELSKETCH_VISIBLE
100
AcDbLine
 10
-37.24814735925734
 20
6.20209172746588
 30
0.0
 11
-37.24814735925734
 21
-4.991793915748476
 31
0.0
  0
LINE
  5
10000069
102
{ACAD_XDICTIONARY
360
1000006A
102
}
330
1F
100
AcDbEntity
  8
MODELSKETCH_VISIBLE
100
AcDbLine
 10
-38.70214767152417
 20
6.20209172746588
 30
0.0
 11
-37.24814735925734
 21
6.20209172746588
 31
0.0
  0
LINE
  5
1000006D
102
{ACAD_XDICTIONARY
360
1000006E
102
}
330
1F
100
AcDbEntity
  8
MODELSKETCH_VISIBLE
100
AcDbLine
 10
-38.70214767152417
 20
-6.308882710852709
 30
0.0
 11
-38.70214767152417
 21
6.20209172746588
 31
0.0
  0
LINE
  5
10000071
102
{ACAD_XDICTIONARY
360
10000072
102
}
330
1F
100
AcDbEntity
  8
MODELSKETCH_VISIBLE
100
AcDbLine
 10
-42.13315029161899
 20
-6.308882710852709
 30
0.0
 11
-43.58715060388582
 21
-6.308882710852709
 31
0.0
  0
LINE
  5
10000075
102
{ACAD_XDICTIONARY
360
10000076
102
}
330
1F
100
AcDbEntity
  8
MODELSKETCH_VISIBLE
100
AcDbLine
 10
-42.13315029161899
 20
6.20209172746588
 30
0.0
 11
-42.13315029161899
 21
-6.308882710852709
 31
0.0
  0
LINE
  5
10000079
102
{ACAD_XDICTIONARY
360
1000007A
102
}
330
1F
100
AcDbEntity
  8
MODELSKETCH_VISIBLE
100
AcDbLine
 10
-43.58715060388582
 20
6.20209172746588
 30
0.0
 11
-42.13315029161899
 21
6.20209172746588
 31
0.0
  0
LINE
  5
1000007D
102
{ACAD_XDICTIONARY
360
1000007E
102
}
330
1F
100
AcDbEntity
  8
MODELSKETCH_VISIBLE
100
AcDbLine
 10
-43.58715060388582
 20
-6.308882710852709
 30
0.0
 11
-43.58715060388582
 21
6.20209172746588
 31
0.0
  0
SPLINE
  5
10000081
102
{ACAD_XDICTIONARY
360
10000082
102
}
330
1F
100
AcDbEntity
  8
MODELSKETCH_VISIBLE
100
AcDbSpline
210
0.0
220
0.0
230
1.0
 70
     8
 71
     2
 72
     6
 73
     3
 74
     0
 42
0.0000000001
 43
0.00000001
 40
0.0
 40
0.0
 40
0.0
 40
1.0
 40
1.0
 40
1.0
 10
54.10469335231735
 20
4.414027313322295
 30
0.0
 10
52.68355180416953
 20
5.07941728673254
 30
0.0
 10
51.26241025602172
 20
5.07941728673254
 30
0.0
  0
LINE
  5
10000085
102
{ACAD_XDICTIONARY
360
10000086
102
}
330
1F
100
AcDbEntity
  8
MODELSKETCH_VISIBLE
100
AcDbLine
 10
54.72079517954906
 20
5.662660349845226
 30
0.0
 11
54.10469335231735
 21
4.414027313322295
 31
0.0
  0
SPLINE
  5
10000089
102
{ACAD_XDICTIONARY
360
1000008A
102
}
330
1F
100
AcDbEntity
  8
MODELSKETCH_VISIBLE
100
AcDbSpline
210
0.0
220
0.0
230
1.0
 70
     8
 71
     2
 72
     6
 73
     3
 74
     0
 42
0.0000000001
 43
0.00000001
 40
0.0
 40
0.0
 40
0.0
 40
1.0
 40
1.0
 40
1.0
 10
51.28157786842449
 20
6.380076699777264
 30
0.0
 10
53.24762725487945
 20
6.380076699777264
 30
0.0
 10
54.72079517954906
 20
5.662660349845226
 30
0.0
  0
SPLINE
  5
1000008D
102
{ACAD_XDICTIONARY
360
1000008E
102
}
330
1F
100
AcDbEntity
  8
MODELSKETCH_VISIBLE
100
AcDbSpline
210
0.0
220
0.0
230
1.0
 70
     8
 71
     2
 72
     6
 73
     3
 74
     0
 42
0.0000000001
 43
0.00000001
 40
0.0
 40
0.0
 40
0.0
 40
1.0
 40
1.0
 40
1.0
 10
48.06826456061822
 20
5.592835476092299
 30
0.0
 10
49.43327238672936
 20
6.380076699777264
 30
0.0
 10
51.28157786842449
 20
6.380076699777264
 30
0.0
  0
SPLINE
  5
10000091
102
{ACAD_XDICTIONARY
360
10000092
102
}
330
1F
100
AcDbEntity
  8
MODELSKETCH_VISIBLE
100
AcDbSpline
210
0.0
220
0.0
230
1.0
 70
     8
 71
     2
 72
     6
 73
     3
 74
     0
 42
0.0000000001
 43
0.00000001
 40
0.0
 40
0.0
 40
0.0
 40
1.0
 40
1.0
 40
1.0
 10
45.98036392388853
 20
3.351593940140501
 30
0.0
 10
46.70325673450708
 20
4.805594252407337
 30
0.0
 10
48.06826456061822
 20
5.592835476092299
 30
0.0
  0
SPLINE
  5
10000095
102
{ACAD_XDICTIONARY
360
10000096
102
}
330
1F
100
AcDbEntity
  8
MODELSKETCH_VISIBLE
100
AcDbSpline
210
0.0
220
0.0
230
1.0
 70
     8
 71
     2
 72
     6
 73
     3
 74
     0
 42
0.0000000001
 43
0.00000001
 40
0.0
 40
0.0
 40
0.0
 40
1.0
 40
1.0
 40
1.0
 10
45.25747111327
 20
-0.035596994462277
 30
0.0
 10
45.25747111327
 20
1.897593627873667
 30
0.0
 10
45.98036392388853
 20
3.351593940140501
 30
0.0
  0
SPLINE
  5
10000099
102
{ACAD_XDICTIONARY
360
1000009A
102
}
330
1F
100
AcDbEntity
  8
MODELSKETCH_VISIBLE
100
AcDbSpline
210
0.0
220
0.0
230
1.0
 70
     8
 71
     2
 72
     6
 73
     3
 74
     0
 42
0.0000000001
 43
0.00000001
 40
0.0
 40
0.0
 40
0.0
 40
1.0
 40
1.0
 40
1.0
 10
46.75939045654375
 20
-4.802856022064085
 30
0.0
 10
45.25747111327
 20
-3.124320821650582
 30
0.0
 10
45.25747111327
 20
-0.035596994462277
 30
0.0
  0
SPLINE
  5
1000009D
102
{ACAD_XDICTIONARY
360
1000009E
102
}
330
1F
100
AcDbEntity
  8
MODELSKETCH_VISIBLE
100
AcDbSpline
210
0.0
220
0.0
230
1.0
 70
     8
 71
     2
 72
     6
 73
     3
 74
     0
 42
0.0000000001
 43
0.00000001
 40
0.0
 40
0.0
 40
0.0
 40
1.0
 40
1.0
 40
1.0
 10
51.0241842161588
 20
-6.481391222477588
 30
0.0
 10
48.26130979981749
 20
-6.481391222477588
 30
0.0
 10
46.75939045654375
 20
-4.802856022064085
 30
0.0
  0
SPLINE
  5
100000A1
102
{ACAD_XDICTIONARY
360
100000A2
102
}
330
1F
100
AcDbEntity
  8
MODELSKETCH_VISIBLE
100
AcDbSpline
210
0.0
220
0.0
230
1.0
 70
     8
 71
     2
 72
     6
 73
     3
 74
     0
 42
0.0000000001
 43
0.00000001
 40
0.0
 40
0.0
 40
0.0
 40
1.0
 40
1.0
 40
1.0
 10
54.23339017845019
 20
-5.991247991035472
 30
0.0
 10
52.93273076540547
 20
-6.481391222477588
 30
0.0
 10
51.0241842161588
 20
-6.481391222477588
 30
0.0
  0
LINE
  5
100000A5
102
{ACAD_XDICTIONARY
360
100000A6
102
}
330
1F
100
AcDbEntity
  8
MODELSKETCH_VISIBLE
100
AcDbLine
 10
54.23339017845019
 20
-4.717970881423271
 30
0.0
 11
54.23339017845019
 21
-5.991247991035472
 31
0.0
  0
SPLINE
  5
100000A9
102
{ACAD_XDICTIONARY
360
100000AA
102
}
330
1F
100
AcDbEntity
  8
MODELSKETCH_VISIBLE
100
AcDbSpline
210
0.0
220
0.0
230
1.0
 70
     8
 71
     2
 72
     6
 73
     3
 74
     0
 42
0.0000000001
 43
0.00000001
 40
0.0
 40
0.0
 40
0.0
 40
1.0
 40
1.0
 40
1.0
 10
51.24598087396222
 20
-5.188946500462624
 30
0.0
 10
52.55485497803669
 20
-5.188946500462624
 30
0.0
 10
54.23339017845019
 20
-4.717970881423271
 30
0.0
  0
SPLINE
  5
100000AD
102
{ACAD_XDICTIONARY
360
100000AE
102
}
330
1F
100
AcDbEntity
  8
MODELSKETCH_VISIBLE
100
AcDbSpline
210
0.0
220
0.0
230
1.0
 70
     8
 71
     2
 72
     6
 73
     3
 74
     0
 42
0.0000000001
 43
0.00000001
 40
0.0
 40
0.0
 40
0.0
 40
1.0
 40
1.0
 40
1.0
 10
47.96421180757464
 20
-3.848582747440748
 30
0.0
 10
49.11563766691213
 20
-5.188946500462624
 30
0.0
 10
51.24598087396222
 20
-5.188946500462624
 30
0.0
  0
SPLINE
  5
100000B1
102
{ACAD_XDICTIONARY
360
100000B2
102
}
330
1F
100
AcDbEntity
  8
MODELSKETCH_VISIBLE
100
AcDbSpline
210
0.0
220
0.0
230
1.0
 70
     8
 71
     2
 72
     6
 73
     3
 74
     0
 42
0.0000000001
 43
0.00000001
 40
0.0
 40
0.0
 40
0.0
 40
1.0
 40
1.0
 40
1.0
 10
46.81278594823715
 20
-0.0547646068650405
 30
0.0
 10
46.81278594823715
 20
-2.508218994418872
 30
0.0
 10
47.96421180757464
 20
-3.848582747440748
 30
0.0
  0
SPLINE
  5
100000B5
102
{ACAD_XDICTIONARY
360
100000B6
102
}
330
1F
100
AcDbEntity
  8
MODELSKETCH_VISIBLE
100
AcDbSpline
210
0.0
220
0.0
230
1.0
 70
     8
 71
     2
 72
     6
 73
     3
 74
     0
 42
0.0000000001
 43
0.00000001
 40
0.0
 40
0.0
 40
0.0
 40
1.0
 40
1.0
 40
1.0
 10
48.00665437789505
 20
3.706194769591641
 30
0.0
 10
46.81278594823715
 20
2.332972252450741
 30
0.0
 10
46.81278594823715
 20
-0.0547646068650405
 30
0.0
  0
SPLINE
  5
100000B9
102
{ACAD_XDICTIONARY
360
100000BA
102
}
330
1F
100
AcDbEntity
  8
MODELSKETCH_VISIBLE
100
AcDbSpline
210
0.0
220
0.0
230
1.0
 70
     8
 71
     2
 72
     6
 73
     3
 74
     0
 42
0.0000000001
 43
0.00000001
 40
0.0
 40
0.0
 40
0.0
 40
1.0
 40
1.0
 40
1.0
 10
51.26241025602172
 20
5.07941728673254
 30
0.0
 10
49.20052280755294
 20
5.07941728673254
 30
0.0
 10
48.00665437789505
 20
3.706194769591641
 30
0.0
  0
LINE
  5
100000BD
102
{ACAD_XDICTIONARY
360
100000BE
102
}
330
1F
100
AcDbEntity
  8
MODELSKETCH_VISIBLE
100
AcDbLine
 10
42.47542908452592
 20
-6.308882710852709
 30
0.0
 11
41.02142877225909
 21
-6.308882710852709
 31
0.0
  0
LINE
  5
100000C1
102
{ACAD_XDICTIONARY
360
100000C2
102
}
330
1F
100
AcDbEntity
  8
MODELSKETCH_VISIBLE
100
AcDbLine
 10
42.47542908452592
 20
6.20209172746588
 30
0.0
 11
42.47542908452592
 21
-6.308882710852709
 31
0.0
  0
LINE
  5
100000C5
102
{ACAD_XDICTIONARY
360
100000C6
102
}
330
1F
100
AcDbEntity
  8
MODELSKETCH_VISIBLE
100
AcDbLine
 10
41.02142877225909
 20
6.20209172746588
 30
0.0
 11
42.47542908452592
 21
6.20209172746588
 31
0.0
  0
LINE
  5
100000C9
102
{ACAD_XDICTIONARY
360
100000CA
102
}
330
1F
100
AcDbEntity
  8
MODELSKETCH_VISIBLE
100
AcDbLine
 10
41.02142877225909
 20
-6.308882710852709
 30
0.0
 11
41.02142877225909
 21
6.20209172746588
 31
0.0
  0
LINE
  5
100000CD
102
{ACAD_XDICTIONARY
360
100000CE
102
}
330
1F
100
AcDbEntity
  8
MODELSKETCH_VISIBLE
100
AcDbLine
 10
35.17530698941597
 20
4.909647005450915
 30
0.0
 11
35.17530698941597
 21
-6.308882710852709
 31
0.0
  0
LINE
  5
100000D1
102
{ACAD_XDICTIONARY
360
100000D2
102
}
330
1F
100
AcDbEntity
  8
MODELSKETCH_VISIBLE
100
AcDbLine
 10
39.13752629610168
 20
4.909647005450915
 30
0.0
 11
35.17530698941597
 21
4.909647005450915
 31
0.0
  0
LINE
  5
100000D5
102
{ACAD_XDICTIONARY
360
100000D6
102
}
330
1F
100
AcDbEntity
  8
MODELSKETCH_VISIBLE
100
AcDbLine
 10
39.13752629610168
 20
6.20209172746588
 30
0.0
 11
39.13752629610168
 21
4.909647005450915
 31
0.0
  0
LINE
  5
100000D9
102
{ACAD_XDICTIONARY
360
100000DA
102
}
330
1F
100
AcDbEntity
  8
MODELSKETCH_VISIBLE
100
AcDbLine
 10
29.75908737046343
 20
6.20209172746588
 30
0.0
 11
39.13752629610168
 21
6.20209172746588
 31
0.0
  0
LINE
  5
100000DD
102
{ACAD_XDICTIONARY
360
100000DE
102
}
330
1F
100
AcDbEntity
  8
MODELSKETCH_VISIBLE
100
AcDbLine
 10
29.75908737046343
 20
4.909647005450915
 30
0.0
 11
29.75908737046343
 21
6.20209172746588
 31
0.0
  0
LINE
  5
100000E1
102
{ACAD_XDICTIONARY
360
100000E2
102
}
330
1F
100
AcDbEntity
  8
MODELSKETCH_VISIBLE
100
AcDbLine
 10
33.72130667714914
 20
4.909647005450915
 30
0.0
 11
29.75908737046343
 21
4.909647005450915
 31
0.0
  0
SPLINE
  5
100000E5
102
{ACAD_XDICTIONARY
360
100000E6
102
}
330
1F
100
AcDbEntity
  8
MODELSKETCH_VISIBLE
100
AcDbSpline
210
0.0
220
0.0
230
1.0
 70
     8
 71
     2
 72
     6
 73
     3
 74
     0
 42
0.0000000001
 43
0.00000001
 40
0.0
 40
0.0
 40
0.0
 40
1.0
 40
1.0
 40
1.0
 10
-9.753576482663568
 20
-6.481391222477588
 30
0.0
 10
-12.51645089900488
 20
-6.481391222477588
 30
0.0
 10
-14.01837024227863
 20
-4.79053398551945
 30
0.0
  0
SPLINE
  5
100000E9
102
{ACAD_XDICTIONARY
360
100000EA
102
}
330
1F
100
AcDbEntity
  8
MODELSKETCH_VISIBLE
100
AcDbSpline
210
0.0
220
0.0
230
1.0
 70
     8
 71
     2
 72
     6
 73
     3
 74
     0
 42
0.0000000001
 43
0.00000001
 40
0.0
 40
0.0
 40
0.0
 40
1.0
 40
1.0
 40
1.0
 10
-14.01837024227863
 20
-4.79053398551945
 30
0.0
 10
-15.52028958555237
 20
-3.099676748561313
 30
0.0
 10
-15.52028958555237
 20
-0.0191676124027644
 30
0.0
  0
SPLINE
  5
100000ED
102
{ACAD_XDICTIONARY
360
100000EE
102
}
330
1F
100
AcDbEntity
  8
MODELSKETCH_VISIBLE
100
AcDbSpline
210
0.0
220
0.0
230
1.0
 70
     8
 71
     2
 72
     6
 73
     3
 74
     0
 42
0.0000000001
 43
0.00000001
 40
0.0
 40
0.0
 40
0.0
 40
1.0
 40
1.0
 40
1.0
 10
-15.52028958555237
 20
-0.0191676124027644
 30
0.0
 10
-15.52028958555237
 20
3.036697450666517
 30
0.0
 10
-14.01426289676375
 20
4.717970881423272
 30
0.0
  0
SPLINE
  5
100000F1
102
{ACAD_XDICTIONARY
360
100000F2
102
}
330
1F
100
AcDbEntity
  8
MODELSKETCH_VISIBLE
100
AcDbSpline
210
0.0
220
0.0
230
1.0
 70
     8
 71
     2
 72
     6
 73
     3
 74
     0
 42
0.0000000001
 43
0.00000001
 40
0.0
 40
0.0
 40
0.0
 40
1.0
 40
1.0
 40
1.0
 10
-51.37193946975138
 20
-0.1396497475058545
 30
0.0
 10
-49.43874884741544
 20
-0.1396497475058545
 30
0.0
 10
-48.57483717411942
 20
0.484666770755612
 30
0.0
  0
SPLINE
  5
100000F5
102
{ACAD_XDICTIONARY
360
100000F6
102
}
330
1F
100
AcDbEntity
  8
MODELSKETCH_VISIBLE
100
AcDbSpline
210
0.0
220
0.0
230
1.0
 70
     8
 71
     2
 72
     6
 73
     3
 74
     0
 42
0.0000000001
 43
0.00000001
 40
0.0
 40
0.0
 40
0.0
 40
1.0
 40
1.0
 40
1.0
 10
-14.01426289676375
 20
4.717970881423272
 30
0.0
 10
-12.50823620797512
 20
6.399244312180026
 30
0.0
 10
-9.737147100604055
 20
6.399244312180026
 30
0.0
  0
SPLINE
  5
100000F9
102
{ACAD_XDICTIONARY
360
100000FA
102
}
330
1F
100
AcDbEntity
  8
MODELSKETCH_VISIBLE
100
AcDbSpline
210
0.0
220
0.0
230
1.0
 70
     8
 71
     2
 72
     6
 73
     3
 74
     0
 42
0.0000000001
 43
0.00000001
 40
0.0
 40
0.0
 40
0.0
 40
1.0
 40
1.0
 40
1.0
 10
-48.57483717411942
 20
0.484666770755612
 30
0.0
 10
-47.7109255008234
 20
1.108983289017078
 30
0.0
 10
-47.7109255008234
 20
2.489051382016108
 30
0.0
  0
SPLINE
  5
100000FD
102
{ACAD_XDICTIONARY
360
100000FE
102
}
330
1F
100
AcDbEntity
  8
MODELSKETCH_VISIBLE
100
AcDbSpline
210
0.0
220
0.0
230
1.0
 70
     8
 71
     2
 72
     6
 73
     3
 74
     0
 42
0.0000000001
 43
0.00000001
 40
0.0
 40
0.0
 40
0.0
 40
1.0
 40
1.0
 40
1.0
 10
-9.737147100604055
 20
6.399244312180026
 30
0.0
 10
-7.039990212500791
 20
6.399244312180026
 30
0.0
 10
-5.525748832682413
 20
4.687850347647498
 30
0.0
  0
SPLINE
  5
10000101
102
{ACAD_XDICTIONARY
360
10000102
102
}
330
1F
100
AcDbEntity
  8
MODELSKETCH_VISIBLE
100
AcDbSpline
210
0.0
220
0.0
230
1.0
 70
     8
 71
     2
 72
     6
 73
     3
 74
     0
 42
0.0000000001
 43
0.00000001
 40
0.0
 40
0.0
 40
0.0
 40
1.0
 40
1.0
 40
1.0
 10
-5.525748832682413
 20
4.687850347647498
 30
0.0
 10
-4.011507452864035
 20
2.976456383114972
 30
0.0
 10
-4.011507452864035
 20
-0.035596994462277
 30
0.0
  0
LINE
  5
10000105
102
{ACAD_XDICTIONARY
360
10000106
102
}
330
1F
100
AcDbEntity
  8
MODELSKETCH_VISIBLE
100
AcDbLine
 10
-54.13755211643595
 20
6.20209172746588
 30
0.0
 11
-50.89274915968228
 21
6.20209172746588
 31
0.0
  0
LINE
  5
10000109
102
{ACAD_XDICTIONARY
360
1000010A
102
}
330
1F
100
AcDbEntity
  8
MODELSKETCH_VISIBLE
100
AcDbLine
 10
22.04275426317917
 20
-1.021359918033013
 30
0.0
 11
26.08985871050569
 21
-1.021359918033013
 31
0.0
  0
SPLINE
  5
1000010D
102
{ACAD_XDICTIONARY
360
1000010E
102
}
330
1F
100
AcDbEntity
  8
MODELSKETCH_VISIBLE
100
AcDbSpline
210
0.0
220
0.0
230
1.0
 70
     8
 71
     2
 72
     6
 73
     3
 74
     0
 42
0.0000000001
 43
0.00000001
 40
0.0
 40
0.0
 40
0.0
 40
1.0
 40
1.0
 40
1.0
 10
-13.98140413264472
 20
-0.035596994462277
 30
0.0
 10
-13.98140413264472
 20
-2.576674753000173
 30
0.0
 10
-12.89843403188854
 20
-3.891025317761154
 30
0.0
  0
SPLINE
  5
10000111
102
{ACAD_XDICTIONARY
360
10000112
102
}
330
1F
100
AcDbEntity
  8
MODELSKETCH_VISIBLE
100
AcDbSpline
210
0.0
220
0.0
230
1.0
 70
     8
 71
     2
 72
     6
 73
     3
 74
     0
 42
0.0000000001
 43
0.00000001
 40
0.0
 40
0.0
 40
0.0
 40
1.0
 40
1.0
 40
1.0
 10
-50.89274915968227
 20
6.20209172746588
 30
0.0
 10
-46.20489881203478
 20
6.20209172746588
 30
0.0
 10
-46.20489881203478
 20
2.557507140597409
 30
0.0
  0
LINE
  5
10000115
102
{ACAD_XDICTIONARY
360
10000116
102
}
330
1F
100
AcDbEntity
  8
MODELSKETCH_VISIBLE
100
AcDbLine
 10
35.17530698941597
 20
-6.308882710852709
 30
0.0
 11
33.72130667714914
 21
-6.308882710852709
 31
0.0
  0
SPLINE
  5
10000119
102
{ACAD_XDICTIONARY
360
1000011A
102
}
330
1F
100
AcDbEntity
  8
MODELSKETCH_VISIBLE
100
AcDbSpline
210
0.0
220
0.0
230
1.0
 70
     8
 71
     2
 72
     6
 73
     3
 74
     0
 42
0.0000000001
 43
0.00000001
 40
0.0
 40
0.0
 40
0.0
 40
1.0
 40
1.0
 40
1.0
 10
-12.89843403188854
 20
-3.891025317761154
 30
0.0
 10
-11.81546393113236
 20
-5.205375882522135
 30
0.0
 10
-9.753576482663568
 20
-5.205375882522135
 30
0.0
  0
LINE
  5
1000011D
102
{ACAD_XDICTIONARY
360
1000011E
102
}
330
1F
100
AcDbEntity
  8
MODELSKETCH_VISIBLE
100
AcDbLine
 10
-29.60574647124089
 20
6.20209172746588
 30
0.0
 11
-28.15174615897405
 21
6.20209172746588
 31
0.0
  0
LINE
  5
10000121
102
{ACAD_XDICTIONARY
360
10000122
102
}
330
1F
100
AcDbEntity
  8
MODELSKETCH_VISIBLE
100
AcDbLine
 10
-52.68355180416911
 20
-0.1396497475058545
 30
0.0
 11
-51.37193946975138
 21
-0.1396497475058545
 31
0.0
  0
LINE
  5
10000125
102
{ACAD_XDICTIONARY
360
10000126
102
}
330
1F
100
AcDbEntity
  8
MODELSKETCH_VISIBLE
100
AcDbLine
 10
33.72130667714914
 20
-6.308882710852709
 30
0.0
 11
33.72130667714914
 21
4.909647005450915
 31
0.0
  0
SPLINE
  5
10000129
102
{ACAD_XDICTIONARY
360
1000012A
102
}
330
1F
100
AcDbEntity
  8
MODELSKETCH_VISIBLE
100
AcDbSpline
210
0.0
220
0.0
230
1.0
 70
     8
 71
     2
 72
     6
 73
     3
 74
     0
 42
0.0000000001
 43
0.00000001
 40
0.0
 40
0.0
 40
0.0
 40
1.0
 40
1.0
 40
1.0
 10
-9.753576482663568
 20
-5.205375882522135
 30
0.0
 10
-7.675259652135266
 20
-5.205375882522135
 30
0.0
 10
-6.614195394125097
 20
-3.896501778447659
 30
0.0
  0
SPLINE
  5
1000012D
102
{ACAD_XDICTIONARY
360
1000012E
102
}
330
1F
100
AcDbEntity
  8
MODELSKETCH_VISIBLE
100
AcDbSpline
210
0.0
220
0.0
230
1.0
 70
     8
 71
     2
 72
     6
 73
     3
 74
     0
 42
0.0000000001
 43
0.00000001
 40
0.0
 40
0.0
 40
0.0
 40
1.0
 40
1.0
 40
1.0
 10
5.638016276756169
 20
4.780950179318069
 30
0.0
 10
5.758498411859263
 20
3.463861384213835
 30
0.0
 10
5.758498411859263
 20
1.648414666637731
 30
0.0
  0
LINE
  5
10000131
102
{ACAD_XDICTIONARY
360
10000132
102
}
330
1F
100
AcDbEntity
  8
MODELSKETCH_VISIBLE
100
AcDbLine
 10
5.758498411859263
 20
1.648414666637731
 30
0.0
 11
5.758498411859263
 21
-6.308882710852709
 31
0.0
  0
LINE
  5
10000135
102
{ACAD_XDICTIONARY
360
10000136
102
}
330
1F
100
AcDbEntity
  8
MODELSKETCH_VISIBLE
100
AcDbLine
 10
5.758498411859263
 20
-6.308882710852709
 30
0.0
 11
4.414027313322507
 21
-6.308882710852709
 31
0.0
  0
LINE
  5
10000139
102
{ACAD_XDICTIONARY
360
1000013A
102
}
330
1F
100
AcDbEntity
  8
MODELSKETCH_VISIBLE
100
AcDbLine
 10
4.414027313322507
 20
-6.308882710852709
 30
0.0
 11
4.414027313322507
 21
6.20209172746588
 31
0.0
  0
LINE
  5
1000013D
102
{ACAD_XDICTIONARY
360
1000013E
102
}
330
1F
100
AcDbEntity
  8
MODELSKETCH_VISIBLE
100
AcDbLine
 10
-29.60574647124089
 20
-6.308882710852709
 30
0.0
 11
-29.60574647124089
 21
6.20209172746588
 31
0.0
  0
LINE
  5
10000141
102
{ACAD_XDICTIONARY
360
10000142
102
}
330
1F
100
AcDbEntity
  8
MODELSKETCH_VISIBLE
100
AcDbLine
 10
6.604611587924146
 20
6.202091727465882
 30
0.0
 11
10.56683089460985
 21
-4.118298436251072
 31
0.0
  0
LINE
  5
10000145
102
{ACAD_XDICTIONARY
360
10000146
102
}
330
1F
100
AcDbEntity
  8
MODELSKETCH_VISIBLE
100
AcDbLine
 10
4.414027313322507
 20
6.20209172746588
 30
0.0
 11
6.604611587924143
 21
6.20209172746588
 31
0.0
  0
LINE
  5
10000149
102
{ACAD_XDICTIONARY
360
1000014A
102
}
330
1F
100
AcDbEntity
  8
MODELSKETCH_VISIBLE
100
AcDbLine
 10
-28.15174615897405
 20
6.20209172746588
 30
0.0
 11
-28.15174615897405
 21
-4.991793915748476
 31
0.0
  0
LINE
  5
1000014D
102
{ACAD_XDICTIONARY
360
1000014E
102
}
330
1F
100
AcDbEntity
  8
MODELSKETCH_VISIBLE
100
AcDbLine
 10
5.706472035337473
 20
4.780950179318069
 30
0.0
 11
5.638016276756169
 21
4.780950179318069
 31
0.0
  0
LINE
  5
10000151
102
{ACAD_XDICTIONARY
360
10000152
102
}
330
1F
100
AcDbEntity
  8
MODELSKETCH_VISIBLE
100
AcDbLine
 10
9.950729067378143
 20
-6.308882710852707
 30
0.0
 11
5.706472035337478
 21
4.780950179318071
 31
0.0
  0
LINE
  5
10000155
102
{ACAD_XDICTIONARY
360
10000156
102
}
330
1F
100
AcDbEntity
  8
MODELSKETCH_VISIBLE
100
AcDbLine
 10
1.977002307828185
 20
-2.261778263526188
 30
0.0
 11
-2.223443038720449
 21
-2.261778263526188
 31
0.0
  0
LINE
  5
10000159
102
{ACAD_XDICTIONARY
360
1000015A
102
}
330
1F
100
AcDbEntity
  8
MODELSKETCH_VISIBLE
100
AcDbLine
 10
1.977002307828185
 20
-0.9611188504814677
 30
0.0
 11
1.977002307828185
 21
-2.261778263526188
 31
0.0
  0
LINE
  5
1000015D
102
{ACAD_XDICTIONARY
360
1000015E
102
}
330
1F
100
AcDbEntity
  8
MODELSKETCH_VISIBLE
100
AcDbLine
 10
-2.223443038720449
 20
-0.9611188504814677
 30
0.0
 11
1.977002307828185
 21
-0.9611188504814677
 31
0.0
  0
LINE
  5
10000161
102
{ACAD_XDICTIONARY
360
10000162
102
}
330
1F
100
AcDbEntity
  8
MODELSKETCH_VISIBLE
100
AcDbLine
 10
-52.68355180416911
 20
4.94250576956994
 30
0.0
 11
-52.68355180416911
 21
-0.1396497475058545
 31
0.0
  0
LINE
  5
10000165
102
{ACAD_XDICTIONARY
360
10000166
102
}
330
1F
100
AcDbEntity
  8
MODELSKETCH_VISIBLE
100
AcDbLine
 10
-2.223443038720449
 20
-2.261778263526188
 30
0.0
 11
-2.223443038720449
 21
-0.9611188504814677
 31
0.0
  0
LINE
  5
10000169
102
{ACAD_XDICTIONARY
360
1000016A
102
}
330
1F
100
AcDbEntity
  8
MODELSKETCH_VISIBLE
100
AcDbLine
 10
-51.05704298027739
 20
4.94250576956994
 30
0.0
 11
-52.68355180416911
 21
4.94250576956994
 31
0.0
  0
SPLINE
  5
1000016D
102
{ACAD_XDICTIONARY
360
1000016E
102
}
330
1F
100
AcDbEntity
  8
MODELSKETCH_VISIBLE
100
AcDbSpline
210
0.0
220
0.0
230
1.0
 70
     8
 71
     2
 72
     6
 73
     3
 74
     0
 42
0.0000000001
 43
0.00000001
 40
0.0
 40
0.0
 40
0.0
 40
1.0
 40
1.0
 40
1.0
 10
-12.89843403188854
 20
3.784234334374325
 30
0.0
 10
-13.98140413264472
 20
2.469883769613344
 30
0.0
 10
-13.98140413264472
 20
-0.035596994462277
 30
0.0
  0
SPLINE
  5
10000171
102
{ACAD_XDICTIONARY
360
10000172
102
}
330
1F
100
AcDbEntity
  8
MODELSKETCH_VISIBLE
100
AcDbSpline
210
0.0
220
0.0
230
1.0
 70
     8
 71
     2
 72
     6
 73
     3
 74
     0
 42
0.0000000001
 43
0.00000001
 40
0.0
 40
0.0
 40
0.0
 40
1.0
 40
1.0
 40
1.0
 10
-48.52417991276926
 20
4.335987748539611
 30
0.0
 10
-49.33743432471512
 20
4.94250576956994
 30
0.0
 10
-51.05704298027739
 20
4.94250576956994
 30
0.0
  0
SPLINE
  5
10000175
102
{ACAD_XDICTIONARY
360
10000176
102
}
330
1F
100
AcDbEntity
  8
MODELSKETCH_VISIBLE
100
AcDbSpline
210
0.0
220
0.0
230
1.0
 70
     8
 71
     2
 72
     6
 73
     3
 74
     0
 42
0.0000000001
 43
0.00000001
 40
0.0
 40
0.0
 40
0.0
 40
1.0
 40
1.0
 40
1.0
 10
-9.737147100604055
 20
5.098584899135305
 30
0.0
 10
-11.81546393113236
 20
5.098584899135305
 30
0.0
 10
-12.89843403188854
 20
3.784234334374325
 30
0.0
  0
SPLINE
  5
10000179
102
{ACAD_XDICTIONARY
360
1000017A
102
}
330
1F
100
AcDbEntity
  8
MODELSKETCH_VISIBLE
100
AcDbSpline
210
0.0
220
0.0
230
1.0
 70
     8
 71
     2
 72
     6
 73
     3
 74
     0
 42
0.0000000001
 43
0.00000001
 40
0.0
 40
0.0
 40
0.0
 40
1.0
 40
1.0
 40
1.0
 10
-47.7109255008234
 20
2.489051382016108
 30
0.0
 10
-47.7109255008234
 20
3.729469727509284
 30
0.0
 10
-48.52417991276926
 20
4.335987748539611
 30
0.0
  0
SPLINE
  5
1000017D
102
{ACAD_XDICTIONARY
360
1000017E
102
}
330
1F
100
AcDbEntity
  8
MODELSKETCH_VISIBLE
100
AcDbSpline
210
0.0
220
0.0
230
1.0
 70
     8
 71
     2
 72
     6
 73
     3
 74
     0
 42
0.0000000001
 43
0.00000001
 40
0.0
 40
0.0
 40
0.0
 40
1.0
 40
1.0
 40
1.0
 10
-6.61008804861022
 20
3.793818140575707
 30
0.0
 10
-7.667044961105512
 20
5.098584899135305
 30
0.0
 10
-9.737147100604055
 20
5.098584899135305
 30
0.0
  0
SPLINE
  5
10000181
102
{ACAD_XDICTIONARY
360
10000182
102
}
330
1F
100
AcDbEntity
  8
MODELSKETCH_VISIBLE
100
AcDbSpline
210
0.0
220
0.0
230
1.0
 70
     8
 71
     2
 72
     6
 73
     3
 74
     0
 42
0.0000000001
 43
0.00000001
 40
0.0
 40
0.0
 40
0.0
 40
1.0
 40
1.0
 40
1.0
 10
-5.53122529336892
 20
-4.760413451743679
 30
0.0
 10
-7.050943133873798
 20
-6.481391222477588
 30
0.0
 10
-9.753576482663568
 20
-6.481391222477588
 30
0.0
  0
LINE
  5
10000185
102
{ACAD_XDICTIONARY
360
10000186
102
}
330
1F
100
AcDbEntity
  8
MODELSKETCH_VISIBLE
100
AcDbLine
 10
-21.50879934624459
 20
-2.261778263526188
 30
0.0
 11
-21.50879934624459
 21
-0.9611188504814677
 31
0.0
  0
SPLINE
  5
10000189
102
{ACAD_XDICTIONARY
360
1000018A
102
}
330
1F
100
AcDbEntity
  8
MODELSKETCH_VISIBLE
100
AcDbSpline
210
0.0
220
0.0
230
1.0
 70
     8
 71
     2
 72
     6
 73
     3
 74
     0
 42
0.0000000001
 43
0.00000001
 40
0.0
 40
0.0
 40
0.0
 40
1.0
 40
1.0
 40
1.0
 10
-46.20489881203478
 20
2.557507140597409
 30
0.0
 10
-46.20489881203478
 20
0.6571752823804908
 30
0.0
 10
-47.50145087956462
 20
-0.3655537508241479
 30
0.0
  0
LINE
  5
1000018D
102
{ACAD_XDICTIONARY
360
1000018E
102
}
330
1F
100
AcDbEntity
  8
MODELSKETCH_VISIBLE
100
AcDbLine
 10
24.68514654441739
 20
6.254118103987667
 30
0.0
 11
29.60574647124131
 21
-6.308882710852709
 31
0.0
  0
LINE
  5
10000191
102
{ACAD_XDICTIONARY
360
10000192
102
}
330
1F
100
AcDbEntity
  8
MODELSKETCH_VISIBLE
100
AcDbLine
 10
-22.63147378697793
 20
-6.308882710852709
 30
0.0
 11
-29.60574647124089
 21
-6.308882710852709
 31
0.0
  0
LINE
  5
10000195
102
{ACAD_XDICTIONARY
360
10000196
102
}
330
1F
100
AcDbEntity
  8
MODELSKETCH_VISIBLE
100
AcDbLine
 10
-21.50879934624459
 20
-0.9611188504814677
 30
0.0
 11
-17.30835399969596
 21
-0.9611188504814677
 31
0.0
  0
LINE
  5
10000199
102
{ACAD_XDICTIONARY
360
1000019A
102
}
330
1F
100
AcDbEntity
  8
MODELSKETCH_VISIBLE
100
AcDbLine
 10
-52.68355180416911
 20
-1.388282784028787
 30
0.0
 11
-52.68355180416911
 21
-6.308882710852709
 31
0.0
  0
SPLINE
  5
1000019D
102
{ACAD_XDICTIONARY
360
1000019E
102
}
330
1F
100
AcDbEntity
  8
MODELSKETCH_VISIBLE
100
AcDbSpline
210
0.0
220
0.0
230
1.0
 70
     8
 71
     2
 72
     6
 73
     3
 74
     0
 42
0.0000000001
 43
0.00000001
 40
0.0
 40
0.0
 40
0.0
 40
1.0
 40
1.0
 40
1.0
 10
24.63312016789559
 20
2.855974248011881
 30
0.0
 10
24.35108244254064
 20
3.592558210346681
 30
0.0
 10
24.05261533512616
 20
4.660468044214979
 30
0.0
  0
LINE
  5
100001A1
102
{ACAD_XDICTIONARY
360
100001A2
102
}
330
1F
100
AcDbEntity
  8
MODELSKETCH_VISIBLE
100
AcDbLine
 10
-17.30835399969596
 20
-0.9611188504814677
 30
0.0
 11
-17.30835399969596
 21
-2.261778263526188
 31
0.0
  0
LINE
  5
100001A5
102
{ACAD_XDICTIONARY
360
100001A6
102
}
330
1F
100
AcDbEntity
  8
MODELSKETCH_VISIBLE
100
AcDbLine
 10
-52.68355180416911
 20
-6.308882710852709
 30
0.0
 11
-54.13755211643595
 21
-6.308882710852709
 31
0.0
  0
SPLINE
  5
100001A9
102
{ACAD_XDICTIONARY
360
100001AA
102
}
330
1F
100
AcDbEntity
  8
MODELSKETCH_VISIBLE
100
AcDbSpline
210
0.0
220
0.0
230
1.0
 70
     8
 71
     2
 72
     6
 73
     3
 74
     0
 42
0.0000000001
 43
0.00000001
 40
0.0
 40
0.0
 40
0.0
 40
1.0
 40
1.0
 40
1.0
 10
24.05261533512616
 20
4.660468044214979
 30
0.0
 10
23.86367744144177
 20
3.838998941239365
 30
0.0
 10
23.51318395750551
 20
2.855974248011881
 30
0.0
  0
LINE
  5
100001AD
102
{ACAD_XDICTIONARY
360
100001AE
102
}
330
1F
100
AcDbEntity
  8
MODELSKETCH_VISIBLE
100
AcDbLine
 10
-17.30835399969596
 20
-2.261778263526188
 30
0.0
 11
-21.50879934624459
 21
-2.261778263526188
 31
0.0
  0
LINE
  5
100001B1
102
{ACAD_XDICTIONARY
360
100001B2
102
}
330
1F
100
AcDbEntity
  8
MODELSKETCH_VISIBLE
100
AcDbLine
 10
-54.13755211643595
 20
-6.308882710852709
 30
0.0
 11
-54.13755211643595
 21
6.20209172746588
 31
0.0
  0
LINE
  5
100001B5
102
{ACAD_XDICTIONARY
360
100001B6
102
}
330
1F
100
AcDbEntity
  8
MODELSKETCH_VISIBLE
100
AcDbLine
 10
23.51318395750551
 20
2.855974248011881
 30
0.0
 11
22.04275426317917
 21
-1.021359918033013
 31
0.0
  0
SPLINE
  5
100001B9
102
{ACAD_XDICTIONARY
360
100001BA
102
}
330
1F
100
AcDbEntity
  8
MODELSKETCH_VISIBLE
100
AcDbSpline
210
0.0
220
0.0
230
1.0
 70
     8
 71
     2
 72
     6
 73
     3
 74
     0
 42
0.0000000001
 43
0.00000001
 40
0.0
 40
0.0
 40
0.0
 40
1.0
 40
1.0
 40
1.0
 10
-4.011507452864035
 20
-0.035596994462277
 30
0.0
 10
-4.011507452864035
 20
-3.039435681009769
 30
0.0
 10
-5.53122529336892
 20
-4.760413451743679
 30
0.0
  0
LINE
  5
100001BD
102
{ACAD_XDICTIONARY
360
100001BE
102
}
330
1F
100
AcDbEntity
  8
MODELSKETCH_VISIBLE
100
AcDbLine
 10
-28.15174615897405
 20
-4.991793915748476
 30
0.0
 11
-22.63147378697793
 21
-4.991793915748476
 31
0.0
  0
SPLINE
  5
100001C1
102
{ACAD_XDICTIONARY
360
100001C2
102
}
330
1F
100
AcDbEntity
  8
MODELSKETCH_VISIBLE
100
AcDbSpline
210
0.0
220
0.0
230
1.0
 70
     8
 71
     2
 72
     6
 73
     3
 74
     0
 42
0.0000000001
 43
0.00000001
 40
0.0
 40
0.0
 40
0.0
 40
1.0
 40
1.0
 40
1.0
 10
-47.50145087956462
 20
-0.3655537508241479
 30
0.0
 10
-48.79800294709447
 20
-1.388282784028787
 30
0.0
 10
-51.21038387949951
 20
-1.388282784028787
 30
0.0
  0
LINE
  5
100001C5
102
{ACAD_XDICTIONARY
360
100001C6
102
}
330
1F
100
AcDbEntity
  8
MODELSKETCH_VISIBLE
100
AcDbLine
 10
29.60574647124131
 20
-6.308882710852709
 30
0.0
 11
28.09971978245268
 21
-6.308882710852709
 31
0.0
  0
SPLINE
  5
100001C9
102
{ACAD_XDICTIONARY
360
100001CA
102
}
330
1F
100
AcDbEntity
  8
MODELSKETCH_VISIBLE
100
AcDbSpline
210
0.0
220
0.0
230
1.0
 70
     8
 71
     2
 72
     6
 73
     3
 74
     0
 42
0.0000000001
 43
0.00000001
 40
0.0
 40
0.0
 40
0.0
 40
1.0
 40
1.0
 40
1.0
 10
-6.614195394125097
 20
-3.896501778447659
 30
0.0
 10
-5.553131136114935
 20
-2.587627674373181
 30
0.0
 10
-5.553131136114935
 20
-0.035596994462277
 30
0.0
  0
LINE
  5
100001CD
102
{ACAD_XDICTIONARY
360
100001CE
102
}
330
1F
100
AcDbEntity
  8
MODELSKETCH_VISIBLE
100
AcDbLine
 10
-22.63147378697793
 20
-4.991793915748476
 30
0.0
 11
-22.63147378697793
 21
-6.308882710852709
 31
0.0
  0
LINE
  5
100001D1
102
{ACAD_XDICTIONARY
360
100001D2
102
}
330
1F
100
AcDbEntity
  8
MODELSKETCH_VISIBLE
100
AcDbLine
 10
-51.21038387949951
 20
-1.388282784028787
 30
0.0
 11
-52.68355180416911
 21
-1.388282784028787
 31
0.0
  0
LINE
  5
100001D5
102
{ACAD_XDICTIONARY
360
100001D6
102
}
330
1F
100
AcDbEntity
  8
MODELSKETCH_VISIBLE
100
AcDbLine
 10
26.08985871050569
 20
-1.021359918033019
 30
0.0
 11
24.63312016789559
 21
2.85597424801188
 31
0.0
  0
SPLINE
  5
100001D9
102
{ACAD_XDICTIONARY
360
100001DA
102
}
330
1F
100
AcDbEntity
  8
MODELSKETCH_VISIBLE
100
AcDbSpline
210
0.0
220
0.0
230
1.0
 70
     8
 71
     2
 72
     6
 73
     3
 74
     0
 42
0.0000000001
 43
0.00000001
 40
0.0
 40
0.0
 40
0.0
 40
1.0
 40
1.0
 40
1.0
 10
-5.553131136114935
 20
-0.035596994462277
 30
0.0
 10
-5.553131136114935
 20
2.489051382016108
 30
0.0
 10
-6.61008804861022
 20
3.793818140575707
 30
0.0
  0
LINE
  5
100001DD
102
{ACAD_XDICTIONARY
360
100001DE
102
}
330
1F
100
AcDbEntity
  8
MODELSKETCH_VISIBLE
100
AcDbLine
 10
10.56683089460984
 20
-4.118298436251075
 30
0.0
 11
10.63528665319115
 21
-4.118298436251075
 31
0.0
  0
LINE
  5
100001E1
102
{ACAD_XDICTIONARY
360
100001E2
102
}
330
1F
100
AcDbEntity
  8
MODELSKETCH_VISIBLE
100
AcDbLine
 10
10.63528665319114
 20
-4.118298436251081
 30
0.0
 11
14.63036472399589
 21
6.202091727465887
 31
0.0
  0
LINE
  5
100001E5
102
{ACAD_XDICTIONARY
360
100001E6
102
}
330
1F
100
AcDbEntity
  8
MODELSKETCH_VISIBLE
100
AcDbLine
 10
14.63036472399588
 20
6.20209172746588
 30
0.0
 11
16.80451961653801
 21
6.20209172746588
 31
0.0
  0
LINE
  5
100001E9
102
{ACAD_XDICTIONARY
360
100001EA
102
}
330
1F
100
AcDbEntity
  8
MODELSKETCH_VISIBLE
100
AcDbLine
 10
16.80451961653801
 20
6.20209172746588
 30
0.0
 11
16.80451961653801
 21
-6.308882710852709
 31
0.0
  0
LINE
  5
100001ED
102
{ACAD_XDICTIONARY
360
100001EE
102
}
330
1F
100
AcDbEntity
  8
MODELSKETCH_VISIBLE
100
AcDbLine
 10
16.80451961653801
 20
-6.308882710852709
 30
0.0
 11
15.35051930427117
 21
-6.308882710852709
 31
0.0
  0
LINE
  5
100001F1
102
{ACAD_XDICTIONARY
360
100001F2
102
}
330
1F
100
AcDbEntity
  8
MODELSKETCH_VISIBLE
100
AcDbLine
 10
15.35051930427117
 20
-6.308882710852709
 30
0.0
 11
15.35051930427117
 21
1.752467419681309
 31
0.0
  0
SPLINE
  5
100001F5
102
{ACAD_XDICTIONARY
360
100001F6
102
}
330
1F
100
AcDbEntity
  8
MODELSKETCH_VISIBLE
100
AcDbSpline
210
0.0
220
0.0
230
1.0
 70
     8
 71
     2
 72
     6
 73
     3
 74
     0
 42
0.0000000001
 43
0.00000001
 40
0.0
 40
0.0
 40
0.0
 40
1.0
 40
1.0
 40
1.0
 10
15.35051930427117
 20
1.752467419681309
 30
0.0
 10
15.35051930427117
 20
3.138011973366842
 30
0.0
 10
15.47100143937426
 20
4.764520797258556
 30
0.0
  0
LINE
  5
100001F9
102
{ACAD_XDICTIONARY
360
100001FA
102
}
330
1F
100
AcDbEntity
  8
MODELSKETCH_VISIBLE
100
AcDbLine
 10
15.47100143937426
 20
4.764520797258556
 30
0.0
 11
15.40254568079295
 21
4.764520797258556
 31
0.0
  0
LINE
  5
100001FD
102
{ACAD_XDICTIONARY
360
100001FE
102
}
330
1F
100
AcDbEntity
  8
MODELSKETCH_VISIBLE
100
AcDbLine
 10
15.40254568079295
 20
4.764520797258556
 30
0.0
 11
11.12269165429002
 21
-6.30888271085271
 31
0.0
  0
LINE
  5
10000201
102
{ACAD_XDICTIONARY
360
10000202
102
}
330
1F
100
AcDbEntity
  8
MODELSKETCH_VISIBLE
100
AcDbLine
 10
11.12269165429002
 20
-6.308882710852709
 30
0.0
 11
9.950729067378136
 21
-6.308882710852709
 31
0.0
  0
LINE
  5
10000205
102
{ACAD_XDICTIONARY
360
10000206
102
}
330
1F
100
AcDbEntity
  8
MODELSKETCH_VISIBLE
100
AcDbLine
 10
28.09971978245267
 20
-6.308882710852713
 30
0.0
 11
26.54166671714226
 21
-2.330234022107494
 31
0.0
  0
LINE
  5
10000209
102
{ACAD_XDICTIONARY
360
1000020A
102
}
330
1F
100
AcDbEntity
  8
MODELSKETCH_VISIBLE
100
AcDbLine
 10
26.54166671714227
 20
-2.330234022107489
 30
0.0
 11
21.52796695864778
 21
-2.330234022107489
 31
0.0
  0
LINE
  5
1000020D
102
{ACAD_XDICTIONARY
360
1000020E
102
}
330
1F
100
AcDbEntity
  8
MODELSKETCH_VISIBLE
100
AcDbLine
 10
21.52796695864778
 20
-2.330234022107489
 30
0.0
 11
19.98908150574013
 21
-6.308882710852709
 31
0.0
  0
LINE
  5
10000211
102
{ACAD_XDICTIONARY
360
10000212
102
}
330
1F
100
AcDbEntity
  8
MODELSKETCH_VISIBLE
100
AcDbLine
 10
19.98908150574013
 20
-6.308882710852709
 30
0.0
 11
18.51591358107054
 21
-6.308882710852709
 31
0.0
  0
LINE
  5
10000215
102
{ACAD_XDICTIONARY
360
10000216
102
}
330
1F
100
AcDbEntity
  8
MODELSKETCH_VISIBLE
100
AcDbLine
 10
18.51591358107054
 20
-6.308882710852709
 30
0.0
 11
23.46115758098373
 21
6.254118103987667
 31
0.0
  0
LINE
  5
10000219
102
{ACAD_XDICTIONARY
360
1000021A
102
}
330
1F
100
AcDbEntity
  8
MODELSKETCH_VISIBLE
100
AcDbLine
 10
23.46115758098373
 20
6.254118103987667
 30
0.0
 11
24.68514654441739
 21
6.254118103987667
 31
0.0
  0
ENDSEC
  0
SECTION
  2
OBJECTS
  0
DICTIONARY
  5
C
330
0
100
AcDbDictionary
  3
ACAD_GROUP
350
D
  3
ACAD_LAYOUT
350
1A
  3
ACAD_MATERIAL
350
43
  3
ACAD_MLEADERSTYLE
350
5B
  3
ACAD_MLINESTYLE
350
17
  3
ACAD_PLOTSETTINGS
350
19
  3
ACAD_SCALELIST
350
47
  3
ACAD_VISUALSTYLE
350
2A
  3
ACDBHEADERROUNDTRIPXREC
350
1000021F
  3
ACDBVARIABLEDICTIONARY
350
10000240
  3
DWGPROPS
350
1000024B
  3
ONSHAPE_DATA
350
10000001
  0
DICTIONARY
  5
1000024C
330
8
100
AcDbDictionary
280
     1
  3
ACAD_XREC_ROUNDTRIP
360
1000024D
  0
DICTIONARY
  5
1000021D
330
1F
100
AcDbDictionary
280
     1
  3
ACAD_SORTENTS
360
1000021E
  0
DICTIONARY
  5
1000005A
330
10000059
100
AcDbDictionary
280
     1
  3
BTDETID
360
1000005B
  3
BTPARTID
360
1000005C
  0
DICTIONARY
  5
1000005E
330
1000005D
100
AcDbDictionary
280
     1
  3
BTDETID
360
1000005F
  3
BTPARTID
360
10000060
  0
DICTIONARY
  5
10000062
330
10000061
100
AcDbDictionary
280
     1
  3
BTDETID
360
10000063
  3
BTPARTID
360
10000064
  0
DICTIONARY
  5
10000066
330
10000065
100
AcDbDictionary
280
     1
  3
BTDETID
360
10000067
  3
BTPARTID
360
10000068
  0
DICTIONARY
  5
1000006A
330
10000069
100
AcDbDictionary
280
     1
  3
BTDETID
360
1000006B
  3
BTPARTID
360
1000006C
  0
DICTIONARY
  5
1000006E
330
1000006D
100
AcDbDictionary
280
     1
  3
BTDETID
360
1000006F
  3
BTPARTID
360
10000070
  0
DICTIONARY
  5
10000072
330
10000071
100
AcDbDictionary
280
     1
  3
BTDETID
360
10000073
  3
BTPARTID
360
10000074
  0
DICTIONARY
  5
10000076
330
10000075
100
AcDbDictionary
280
     1
  3
BTDETID
360
10000077
  3
BTPARTID
360
10000078
  0
DICTIONARY
  5
1000007A
330
10000079
100
AcDbDictionary
280
     1
  3
BTDETID
360
1000007B
  3
BTPARTID
360
1000007C
  0
DICTIONARY
  5
1000007E
330
1000007D
100
AcDbDictionary
280
     1
  3
BTDETID
360
1000007F
  3
BTPARTID
360
10000080
  0
DICTIONARY
  5
10000082
330
10000081
100
AcDbDictionary
280
     1
  3
BTDETID
360
10000083
  3
BTPARTID
360
10000084
  0
DICTIONARY
  5
10000086
330
10000085
100
AcDbDictionary
280
     1
  3
BTDETID
360
10000087
  3
BTPARTID
360
10000088
  0
DICTIONARY
  5
1000008A
330
10000089
100
AcDbDictionary
280
     1
  3
BTDETID
360
1000008B
  3
BTPARTID
360
1000008C
  0
DICTIONARY
  5
1000008E
330
1000008D
100
AcDbDictionary
280
     1
  3
BTDETID
360
1000008F
  3
BTPARTID
360
10000090
  0
DICTIONARY
  5
10000092
330
10000091
100
AcDbDictionary
280
     1
  3
BTDETID
360
10000093
  3
BTPARTID
360
10000094
  0
DICTIONARY
  5
10000096
330
10000095
100
AcDbDictionary
280
     1
  3
BTDETID
360
10000097
  3
BTPARTID
360
10000098
  0
DICTIONARY
  5
1000009A
330
10000099
100
AcDbDictionary
280
     1
  3
BTDETID
360
1000009B
  3
BTPARTID
360
1000009C
  0
DICTIONARY
  5
1000009E
330
1000009D
100
AcDbDictionary
280
     1
  3
BTDETID
360
1000009F
  3
BTPARTID
360
100000A0
  0
DICTIONARY
  5
100000A2
330
100000A1
100
AcDbDictionary
280
     1
  3
BTDETID
360
100000A3
  3
BTPARTID
360
100000A4
  0
DICTIONARY
  5
100000A6
330
100000A5
100
AcDbDictionary
280
     1
  3
BTDETID
360
100000A7
  3
BTPARTID
360
100000A8
  0
DICTIONARY
  5
100000AA
330
100000A9
100
AcDbDictionary
280
     1
  3
BTDETID
360
100000AB
  3
BTPARTID
360
100000AC
  0
DICTIONARY
  5
100000AE
330
100000AD
100
AcDbDictionary
280
     1
  3
BTDETID
360
100000AF
  3
BTPARTID
360
100000B0
  0
DICTIONARY
  5
100000B2
330
100000B1
100
AcDbDictionary
280
     1
  3
BTDETID
360
100000B3
  3
BTPARTID
360
100000B4
  0
DICTIONARY
  5
100000B6
330
100000B5
100
AcDbDictionary
280
     1
  3
BTDETID
360
100000B7
  3
BTPARTID
360
100000B8
  0
DICTIONARY
  5
100000BA
330
100000B9
100
AcDbDictionary
280
     1
  3
BTDETID
360
100000BB
  3
BTPARTID
360
100000BC
  0
DICTIONARY
  5
100000BE
330
100000BD
100
AcDbDictionary
280
     1
  3
BTDETID
360
100000BF
  3
BTPARTID
360
100000C0
  0
DICTIONARY
  5
100000C2
330
100000C1
100
AcDbDictionary
280
     1
  3
BTDETID
360
100000C3
  3
BTPARTID
360
100000C4
  0
DICTIONARY
  5
100000C6
330
100000C5
100
AcDbDictionary
280
     1
  3
BTDETID
360
100000C7
  3
BTPARTID
360
100000C8
  0
DICTIONARY
  5
100000CA
330
100000C9
100
AcDbDictionary
280
     1
  3
BTDETID
360
100000CB
  3
BTPARTID
360
100000CC
  0
DICTIONARY
  5
100000CE
330
100000CD
100
AcDbDictionary
280
     1
  3
BTDETID
360
100000CF
  3
BTPARTID
360
100000D0
  0
DICTIONARY
  5
100000D2
330
100000D1
100
AcDbDictionary
280
     1
  3
BTDETID
360
100000D3
  3
BTPARTID
360
100000D4
  0
DICTIONARY
  5
100000D6
330
100000D5
100
AcDbDictionary
280
     1
  3
BTDETID
360
100000D7
  3
BTPARTID
360
100000D8
  0
DICTIONARY
  5
100000DA
330
100000D9
100
AcDbDictionary
280
     1
  3
BTDETID
360
100000DB
  3
BTPARTID
360
100000DC
  0
DICTIONARY
  5
100000DE
330
100000DD
100
AcDbDictionary
280
     1
  3
BTDETID
360
100000DF
  3
BTPARTID
360
100000E0
  0
DICTIONARY
  5
100000E2
330
100000E1
100
AcDbDictionary
280
     1
  3
BTDETID
360
100000E3
  3
BTPARTID
360
100000E4
  0
DICTIONARY
  5
100000E6
330
100000E5
100
AcDbDictionary
280
     1
  3
BTDETID
360
100000E7
  3
BTPARTID
360
100000E8
  0
DICTIONARY
  5
100000EA
330
100000E9
100
AcDbDictionary
280
     1
  3
BTDETID
360
100000EB
  3
BTPARTID
360
100000EC
  0
DICTIONARY
  5
100000EE
330
100000ED
100
AcDbDictionary
280
     1
  3
BTDETID
360
100000EF
  3
BTPARTID
360
100000F0
  0
DICTIONARY
  5
100000F2
330
100000F1
100
AcDbDictionary
280
     1
  3
BTDETID
360
100000F3
  3
BTPARTID
360
100000F4
  0
DICTIONARY
  5
100000F6
330
100000F5
100
AcDbDictionary
280
     1
  3
BTDETID
360
100000F7
  3
BTPARTID
360
100000F8
  0
DICTIONARY
  5
100000FA
330
100000F9
100
AcDbDictionary
280
     1
  3
BTDETID
360
100000FB
  3
BTPARTID
360
100000FC
  0
DICTIONARY
  5
100000FE
330
100000FD
100
AcDbDictionary
280
     1
  3
BTDETID
360
100000FF
  3
BTPARTID
360
10000100
  0
DICTIONARY
  5
10000102
330
10000101
100
AcDbDictionary
280
     1
  3
BTDETID
360
10000103
  3
BTPARTID
360
10000104
  0
DICTIONARY
  5
10000106
330
10000105
100
AcDbDictionary
280
     1
  3
BTDETID
360
10000107
  3
BTPARTID
360
10000108
  0
DICTIONARY
  5
1000010A
330
10000109
100
AcDbDictionary
280
     1
  3
BTDETID
360
1000010B
  3
BTPARTID
360
1000010C
  0
DICTIONARY
  5
1000010E
330
1000010D
100
AcDbDictionary
280
     1
  3
BTDETID
360
1000010F
  3
BTPARTID
360
10000110
  0
DICTIONARY
  5
10000112
330
10000111
100
AcDbDictionary
280
     1
  3
BTDETID
360
10000113
  3
BTPARTID
360
10000114
  0
DICTIONARY
  5
10000116
330
10000115
100
AcDbDictionary
280
     1
  3
BTDETID
360
10000117
  3
BTPARTID
360
10000118
  0
DICTIONARY
  5
1000011A
330
10000119
100
AcDbDictionary
280
     1
  3
BTDETID
360
1000011B
  3
BTPARTID
360
1000011C
  0
DICTIONARY
  5
1000011E
330
1000011D
100
AcDbDictionary
280
     1
  3
BTDETID
360
1000011F
  3
BTPARTID
360
10000120
  0
DICTIONARY
  5
10000122
330
10000121
100
AcDbDictionary
280
     1
  3
BTDETID
360
10000123
  3
BTPARTID
360
10000124
  0
DICTIONARY
  5
10000126
330
10000125
100
AcDbDictionary
280
     1
  3
BTDETID
360
10000127
  3
BTPARTID
360
10000128
  0
DICTIONARY
  5
1000012A
330
10000129
100
AcDbDictionary
280
     1
  3
BTDETID
360
1000012B
  3
BTPARTID
360
1000012C
  0
DICTIONARY
  5
1000012E
330
1000012D
100
AcDbDictionary
280
     1
  3
BTDETID
360
1000012F
  3
BTPARTID
360
10000130
  0
DICTIONARY
  5
10000132
330
10000131
100
AcDbDictionary
280
     1
  3
BTDETID
360
10000133
  3
BTPARTID
360
10000134
  0
DICTIONARY
  5
10000136
330
10000135
100
AcDbDictionary
280
     1
  3
BTDETID
360
10000137
  3
BTPARTID
360
10000138
  0
DICTIONARY
  5
1000013A
330
10000139
100
AcDbDictionary
280
     1
  3
BTDETID
360
1000013B
  3
BTPARTID
360
1000013C
  0
DICTIONARY
  5
1000013E
330
1000013D
100
AcDbDictionary
280
     1
  3
BTDETID
360
1000013F
  3
BTPARTID
360
10000140
  0
DICTIONARY
  5
10000142
330
10000141
100
AcDbDictionary
280
     1
  3
BTDETID
360
10000143
  3
BTPARTID
360
10000144
  0
DICTIONARY
  5
10000146
330
10000145
100
AcDbDictionary
280
     1
  3
BTDETID
360
10000147
  3
BTPARTID
360
10000148
  0
DICTIONARY
  5
1000014A
330
10000149
100
AcDbDictionary
280
     1
  3
BTDETID
360
1000014B
  3
BTPARTID
360
1000014C
  0
DICTIONARY
  5
1000014E
330
1000014D
100
AcDbDictionary
280
     1
  3
BTDETID
360
1000014F
  3
BTPARTID
360
10000150
  0
DICTIONARY
  5
10000152
330
10000151
100
AcDbDictionary
280
     1
  3
BTDETID
360
10000153
  3
BTPARTID
360
10000154
  0
DICTIONARY
  5
10000156
330
10000155
100
AcDbDictionary
280
     1
  3
BTDETID
360
10000157
  3
BTPARTID
360
10000158
  0
DICTIONARY
  5
1000015A
330
10000159
100
AcDbDictionary
280
     1
  3
BTDETID
360
1000015B
  3
BTPARTID
360
1000015C
  0
DICTIONARY
  5
1000015E
330
1000015D
100
AcDbDictionary
280
     1
  3
BTDETID
360
1000015F
  3
BTPARTID
360
10000160
  0
DICTIONARY
  5
10000162
330
10000161
100
AcDbDictionary
280
     1
  3
BTDETID
360
10000163
  3
BTPARTID
360
10000164
  0
DICTIONARY
  5
10000166
330
10000165
100
AcDbDictionary
280
     1
  3
BTDETID
360
10000167
  3
BTPARTID
360
10000168
  0
DICTIONARY
  5
1000016A
330
10000169
100
AcDbDictionary
280
     1
  3
BTDETID
360
1000016B
  3
BTPARTID
360
1000016C
  0
DICTIONARY
  5
1000016E
330
1000016D
100
AcDbDictionary
280
     1
  3
BTDETID
360
1000016F
  3
BTPARTID
360
10000170
  0
DICTIONARY
  5
10000172
330
10000171
100
AcDbDictionary
280
     1
  3
BTDETID
360
10000173
  3
BTPARTID
360
10000174
  0
DICTIONARY
  5
10000176
330
10000175
100
AcDbDictionary
280
     1
  3
BTDETID
360
10000177
  3
BTPARTID
360
10000178
  0
DICTIONARY
  5
1000017A
330
10000179
100
AcDbDictionary
280
     1
  3
BTDETID
360
1000017B
  3
BTPARTID
360
1000017C
  0
DICTIONARY
  5
1000017E
330
1000017D
100
AcDbDictionary
280
     1
  3
BTDETID
360
1000017F
  3
BTPARTID
360
10000180
  0
DICTIONARY
  5
10000182
330
10000181
100
AcDbDictionary
280
     1
  3
BTDETID
360
10000183
  3
BTPARTID
360
10000184
  0
DICTIONARY
  5
10000186
330
10000185
100
AcDbDictionary
280
     1
  3
BTDETID
360
10000187
  3
BTPARTID
360
10000188
  0
DICTIONARY
  5
1000018A
330
10000189
100
AcDbDictionary
280
     1
  3
BTDETID
360
1000018B
  3
BTPARTID
360
1000018C
  0
DICTIONARY
  5
1000018E
330
1000018D
100
AcDbDictionary
280
     1
  3
BTDETID
360
1000018F
  3
BTPARTID
360
10000190
  0
DICTIONARY
  5
10000192
330
10000191
100
AcDbDictionary
280
     1
  3
BTDETID
360
10000193
  3
BTPARTID
360
10000194
  0
DICTIONARY
  5
10000196
330
10000195
100
AcDbDictionary
280
     1
  3
BTDETID
360
10000197
  3
BTPARTID
360
10000198
  0
DICTIONARY
  5
1000019A
330
10000199
100
AcDbDictionary
280
     1
  3
BTDETID
360
1000019B
  3
BTPARTID
360
1000019C
  0
DICTIONARY
  5
1000019E
330
1000019D
100
AcDbDictionary
280
     1
  3
BTDETID
360
1000019F
  3
BTPARTID
360
100001A0
  0
DICTIONARY
  5
100001A2
330
100001A1
100
AcDbDictionary
280
     1
  3
BTDETID
360
100001A3
  3
BTPARTID
360
100001A4
  0
DICTIONARY
  5
100001A6
330
100001A5
100
AcDbDictionary
280
     1
  3
BTDETID
360
100001A7
  3
BTPARTID
360
100001A8
  0
DICTIONARY
  5
100001AA
330
100001A9
100
AcDbDictionary
280
     1
  3
BTDETID
360
100001AB
  3
BTPARTID
360
100001AC
  0
DICTIONARY
  5
100001AE
330
100001AD
100
AcDbDictionary
280
     1
  3
BTDETID
360
100001AF
  3
BTPARTID
360
100001B0
  0
DICTIONARY
  5
100001B2
330
100001B1
100
AcDbDictionary
280
     1
  3
BTDETID
360
100001B3
  3
BTPARTID
360
100001B4
  0
DICTIONARY
  5
100001B6
330
100001B5
100
AcDbDictionary
280
     1
  3
BTDETID
360
100001B7
  3
BTPARTID
360
100001B8
  0
DICTIONARY
  5
100001BA
330
100001B9
100
AcDbDictionary
280
     1
  3
BTDETID
360
100001BB
  3
BTPARTID
360
100001BC
  0
DICTIONARY
  5
100001BE
330
100001BD
100
AcDbDictionary
280
     1
  3
BTDETID
360
100001BF
  3
BTPARTID
360
100001C0
  0
DICTIONARY
  5
100001C2
330
100001C1
100
AcDbDictionary
280
     1
  3
BTDETID
360
100001C3
  3
BTPARTID
360
100001C4
  0
DICTIONARY
  5
100001C6
330
100001C5
100
AcDbDictionary
280
     1
  3
BTDETID
360
100001C7
  3
BTPARTID
360
100001C8
  0
DICTIONARY
  5
100001CA
330
100001C9
100
AcDbDictionary
280
     1
  3
BTDETID
360
100001CB
  3
BTPARTID
360
100001CC
  0
DICTIONARY
  5
100001CE
330
100001CD
100
AcDbDictionary
280
     1
  3
BTDETID
360
100001CF
  3
BTPARTID
360
100001D0
  0
DICTIONARY
  5
100001D2
330
100001D1
100
AcDbDictionary
280
     1
  3
BTDETID
360
100001D3
  3
BTPARTID
360
100001D4
  0
DICTIONARY
  5
100001D6
330
100001D5
100
AcDbDictionary
280
     1
  3
BTDETID
360
100001D7
  3
BTPARTID
360
100001D8
  0
DICTIONARY
  5
100001DA
330
100001D9
100
AcDbDictionary
280
     1
  3
BTDETID
360
100001DB
  3
BTPARTID
360
100001DC
  0
DICTIONARY
  5
100001DE
330
100001DD
100
AcDbDictionary
280
     1
  3
BTDETID
360
100001DF
  3
BTPARTID
360
100001E0
  0
DICTIONARY
  5
100001E2
330
100001E1
100
AcDbDictionary
280
     1
  3
BTDETID
360
100001E3
  3
BTPARTID
360
100001E4
  0
DICTIONARY
  5
100001E6
330
100001E5
100
AcDbDictionary
280
     1
  3
BTDETID
360
100001E7
  3
BTPARTID
360
100001E8
  0
DICTIONARY
  5
100001EA
330
100001E9
100
AcDbDictionary
280
     1
  3
BTDETID
360
100001EB
  3
BTPARTID
360
100001EC
  0
DICTIONARY
  5
100001EE
330
100001ED
100
AcDbDictionary
280
     1
  3
BTDETID
360
100001EF
  3
BTPARTID
360
100001F0
  0
DICTIONARY
  5
100001F2
330
100001F1
100
AcDbDictionary
280
     1
  3
BTDETID
360
100001F3
  3
BTPARTID
360
100001F4
  0
DICTIONARY
  5
100001F6
330
100001F5
100
AcDbDictionary
280
     1
  3
BTDETID
360
100001F7
  3
BTPARTID
360
100001F8
  0
DICTIONARY
  5
100001FA
330
100001F9
100
AcDbDictionary
280
     1
  3
BTDETID
360
100001FB
  3
BTPARTID
360
100001FC
  0
DICTIONARY
  5
100001FE
330
100001FD
100
AcDbDictionary
280
     1
  3
BTDETID
360
100001FF
  3
BTPARTID
360
10000200
  0
DICTIONARY
  5
10000202
330
10000201
100
AcDbDictionary
280
     1
  3
BTDETID
360
10000203
  3
BTPARTID
360
10000204
  0
DICTIONARY
  5
10000206
330
10000205
100
AcDbDictionary
280
     1
  3
BTDETID
360
10000207
  3
BTPARTID
360
10000208
  0
DICTIONARY
  5
1000020A
330
10000209
100
AcDbDictionary
280
     1
  3
BTDETID
360
1000020B
  3
BTPARTID
360
1000020C
  0
DICTIONARY
  5
1000020E
330
1000020D
100
AcDbDictionary
280
     1
  3
BTDETID
360
1000020F
  3
BTPARTID
360
10000210
  0
DICTIONARY
  5
10000212
330
10000211
100
AcDbDictionary
280
     1
  3
BTDETID
360
10000213
  3
BTPARTID
360
10000214
  0
DICTIONARY
  5
10000216
330
10000215
100
AcDbDictionary
280
     1
  3
BTDETID
360
10000217
  3
BTPARTID
360
10000218
  0
DICTIONARY
  5
1000021A
330
10000219
100
AcDbDictionary
280
     1
  3
BTDETID
360
1000021B
  3
BTPARTID
360
1000021C
  0
DICTIONARY
  5
D
102
{ACAD_REACTORS
330
C
102
}
330
C
100
AcDbDictionary
  0
DICTIONARY
  5
1A
102
{ACAD_REACTORS
330
C
102
}
330
C
100
AcDbDictionary
  0
DICTIONARY
  5
43
102
{ACAD_REACTORS
330
C
102
}
330
C
100
AcDbDictionary
  3
BYBLOCK
350
45
  3
BYLAYER
350
44
  3
GLOBAL
350
46
  0
DICTIONARY
  5
5B
102
{ACAD_REACTORS
330
C
102
}
330
C
100
AcDbDictionary
  3
STANDARD
350
5C
  0
DICTIONARY
  5
17
102
{ACAD_REACTORS
330
C
102
}
330
C
100
AcDbDictionary
  3
STANDARD
350
18
  0
DICTIONARY
  5
19
102
{ACAD_REACTORS
330
C
102
}
330
C
100
AcDbDictionary
  0
DICTIONARY
  5
47
102
{ACAD_REACTORS
330
C
102
}
330
C
100
AcDbDictionary
  3
SCALE100_1
350
10000023
  3
SCALE10_1
350
1000001D
  3
SCALE12_1
350
1000001E
  3
SCALE16_1
350
1000001F
  3
SCALE1_1
350
10000006
  3
SCALE1_10
350
1000000D
  3
SCALE1_100
350
10000016
  3
SCALE1_12
350
1000000E
  3
SCALE1_16
350
1000000F
  3
SCALE1_2
350
10000007
  3
SCALE1_20
350
10000010
  3
SCALE1_25
350
10000011
  3
SCALE1_3
350
10000008
  3
SCALE1_32
350
10000012
  3
SCALE1_4
350
10000009
  3
SCALE1_40
350
10000013
  3
SCALE1_5
350
1000000A
  3
SCALE1_50
350
10000014
  3
SCALE1_6
350
1000000B
  3
SCALE1_8
350
1000000C
  3
SCALE1_80
350
10000015
  3
SCALE20_1
350
10000020
  3
SCALE2_1
350
10000017
  3
SCALE32_1
350
10000021
  3
SCALE3_1
350
10000018
  3
SCALE4_1
350
10000019
  3
SCALE50_1
350
10000022
  3
SCALE5_1
350
1000001A
  3
SCALE6_1
350
1000001B
  3
SCALE8_1
350
1000001C
  0
DICTIONARY
  5
2A
102
{ACAD_REACTORS
330
C
102
}
330
C
100
AcDbDictionary
  3
2DWIREFRAME
350
2F
  3
BASIC
350
32
  3
BRIGHTEN
350
36
  3
COLORCHANGE
350
3A
  3
CONCEPTUAL
350
34
  3
DIM
350
35
  3
EDGECOLOROFF
350
3D
  3
FACEPATTERN
350
39
  3
FLAT
350
2B
  3
FLATWITHEDGES
350
2C
  3
GOURAUD
350
2D
  3
GOURAUDWITHEDGES
350
2E
  3
HIDDEN
350
31
  3
JITTEROFF
350
3B
  3
LINEPATTERN
350
38
  3
OVERHANGOFF
350
3C
  3
REALISTIC
350
33
  3
SHADED
350
42
  3
SHADED_WITH_EDGES
350
41
  3
SHADES_OF_GRAY
350
3E
  3
SKETCHY
350
3F
  3
THICKEN
350
37
  3
WIREFRAME
350
30
  3
X-RAY
350
40
  0
DICTIONARY
  5
1000021F
102
{ACAD_REACTORS
330
C
102
}
330
C
100
AcDbDictionary
  3
CEPSNID
350
10000229
  3
CEPSNTYPE
350
10000228
  3
DIMSTYLEDATA
350
1000023F
  3
FINGERPRINTGUID
350
1000022A
  3
HYPERLINKBASE
350
10000222
  3
INSUNITS
350
10000227
  3
LAYOUTDICT
350
10000224
  3
LWETCUNION
350
10000226
  3
PLOTSETDICT
350
10000225
  3
PSVPSCALE
350
1000022C
  3
PUCSBASE
350
1000022F
  3
PUCSORGBACK
350
10000235
  3
PUCSORGBOTTOM
350
10000231
  3
PUCSORGFRONT
350
10000234
  3
PUCSORGLEFT
350
10000232
  3
PUCSORGRIGHT
350
10000233
  3
PUCSORGTOP
350
10000230
  3
PUCSORTHOREF
350
1000022D
  3
PUCSORTHOVIEW
350
1000022E
  3
STYLESHEET
350
10000223
  3
TSTACKALIGN
350
10000220
  3
TSTACKSIZE
350
10000221
  3
UCSBASE
350
10000238
  3
UCSORGBACK
350
1000023E
  3
UCSORGBOTTOM
350
1000023A
  3
UCSORGFRONT
350
1000023D
  3
UCSORGLEFT
350
1000023B
  3
UCSORGRIGHT
350
1000023C
  3
UCSORGTOP
350
10000239
  3
UCSORTHOREF
350
10000236
  3
UCSORTHOVIEW
350
10000237
  3
VERSIONGUID
350
1000022B
  0
DICTIONARY
  5
10000240
102
{ACAD_REACTORS
330
C
102
}
330
C
100
AcDbDictionary
  3
CANNOSCALE
350
1000024E
  3
CENTEREXE
350
10000247
  3
CENTERLTYPEFILE
350
10000248
  3
CMLEADERSTYLE
350
10000242
  3
CTABLESTYLE
350
10000241
  3
DIMASSOC
350
10000249
  3
HIDETEXT
350
1000024A
  3
MSLTSCALE
350
1000024F
  3
PSOLHEIGHT
350
10000244
  3
PSOLWIDTH
350
10000243
  0
XRECORD
  5
1000024B
102
{ACAD_REACTORS
330
C
102
}
330
C
100
AcDbXrecord
  1
DWGPROPS COOKIE
  2

  3

  4

  6
File was created by BTDwgCreate
  7

  8
onshape
  9

300
=
301
=
302
=
303
=
304
=
305
=
306
=
307
=
308
=
309
=
 40
0.0
 41
2461105.933865799
 42
2461105.933865868
  1

 90
        0
  0
DICTIONARY
  5
10000001
102
{ACAD_REACTORS
330
C
102
}
330
C
100
AcDbDictionary
280
     1
  3
DIM_UNITS
360
10000003
  3
DWGGEN_VERSION
360
10000002
  3
FIRST_ANGLE
360
10000005
  0
XRECORD
  5
1000024D
102
{ACAD_REACTORS
330
1000024C
102
}
330
1000024C
100
AcDbXrecord
102
VTR_0.000_0.000_1.000_1.000_VISUALSTYLE
340
2F
102
VTR_0.000_0.000_1.000_1.000_GRIDDISPLAY
 70
     3
102
VTR_0.000_0.000_1.000_1.000_GRIDMAJOR
 70
     5
102
VTR_0.000_0.000_1.000_1.000_DEFAULTLIGHTING
280
     1
102
VTR_0.000_0.000_1.000_1.000_DEFAULTLIGHTINGTYPE
 70
     1
102
VTR_0.000_0.000_1.000_1.000_BRIGHTNESS
141
0.0
102
VTR_0.000_0.000_1.000_1.000_CONTRAST
142
0.0
  0
SORTENTSTABLE
  5
1000021E
102
{ACAD_REACTORS
330
1000021D
102
}
330
1000021D
100
AcDbSortentsTable
330
1F
  0
XRECORD
  5
1000005B
102
{ACAD_REACTORS
330
1000005A
102
}
330
1000005A
100
AcDbXrecord
1000
KH1B
  0
XRECORD
  5
1000005C
102
{ACAD_REACTORS
330
1000005A
102
}
330
1000005A
100
AcDbXrecord
1000
KH3B
  0
XRECORD
  5
1000005F
102
{ACAD_REACTORS
330
1000005E
102
}
330
1000005E
100
AcDbXrecord
1000
KHxB
  0
XRECORD
  5
10000060
102
{ACAD_REACTORS
330
1000005E
102
}
330
1000005E
100
AcDbXrecord
1000
KHzB
  0
XRECORD
  5
10000063
102
{ACAD_REACTORS
330
10000062
102
}
330
10000062
100
AcDbXrecord
1000
KHtB
  0
XRECORD
  5
10000064
102
{ACAD_REACTORS
330
10000062
102
}
330
10000062
100
AcDbXrecord
1000
KHvB
  0
XRECORD
  5
10000067
102
{ACAD_REACTORS
330
10000066
102
}
330
10000066
100
AcDbXrecord
1000
KHpB
  0
XRECORD
  5
10000068
102
{ACAD_REACTORS
330
10000066
102
}
330
10000066
100
AcDbXrecord
1000
KHrB
  0
XRECORD
  5
1000006B
102
{ACAD_REACTORS
330
1000006A
102
}
330
1000006A
100
AcDbXrecord
1000
KHlB
  0
XRECORD
  5
1000006C
102
{ACAD_REACTORS
330
1000006A
102
}
330
1000006A
100
AcDbXrecord
1000
KHnB
  0
XRECORD
  5
1000006F
102
{ACAD_REACTORS
330
1000006E
102
}
330
1000006E
100
AcDbXrecord
1000
KHhB
  0
XRECORD
  5
10000070
102
{ACAD_REACTORS
330
1000006E
102
}
330
1000006E
100
AcDbXrecord
1000
KHjB
  0
XRECORD
  5
10000073
102
{ACAD_REACTORS
330
10000072
102
}
330
10000072
100
AcDbXrecord
1000
KHdB
  0
XRECORD
  5
10000074
102
{ACAD_REACTORS
330
10000072
102
}
330
10000072
100
AcDbXrecord
1000
KHfB
  0
XRECORD
  5
10000077
102
{ACAD_REACTORS
330
10000076
102
}
330
10000076
100
AcDbXrecord
1000
KHZB
  0
XRECORD
  5
10000078
102
{ACAD_REACTORS
330
10000076
102
}
330
10000076
100
AcDbXrecord
1000
KHbB
  0
XRECORD
  5
1000007B
102
{ACAD_REACTORS
330
1000007A
102
}
330
1000007A
100
AcDbXrecord
1000
KHVB
  0
XRECORD
  5
1000007C
102
{ACAD_REACTORS
330
1000007A
102
}
330
1000007A
100
AcDbXrecord
1000
KHXB
  0
XRECORD
  5
1000007F
102
{ACAD_REACTORS
330
1000007E
102
}
330
1000007E
100
AcDbXrecord
1000
KHRB
  0
XRECORD
  5
10000080
102
{ACAD_REACTORS
330
1000007E
102
}
330
1000007E
100
AcDbXrecord
1000
KHTB
  0
XRECORD
  5
10000083
102
{ACAD_REACTORS
330
10000082
102
}
330
10000082
100
AcDbXrecord
1000
KHVH
  0
XRECORD
  5
10000084
102
{ACAD_REACTORS
330
10000082
102
}
330
10000082
100
AcDbXrecord
1000
KHXH
  0
XRECORD
  5
10000087
102
{ACAD_REACTORS
330
10000086
102
}
330
10000086
100
AcDbXrecord
1000
KHRH
  0
XRECORD
  5
10000088
102
{ACAD_REACTORS
330
10000086
102
}
330
10000086
100
AcDbXrecord
1000
KHTH
  0
XRECORD
  5
1000008B
102
{ACAD_REACTORS
330
1000008A
102
}
330
1000008A
100
AcDbXrecord
1000
KHNH
  0
XRECORD
  5
1000008C
102
{ACAD_REACTORS
330
1000008A
102
}
330
1000008A
100
AcDbXrecord
1000
KHPH
  0
XRECORD
  5
1000008F
102
{ACAD_REACTORS
330
1000008E
102
}
330
1000008E
100
AcDbXrecord
1000
KHJH
  0
XRECORD
  5
10000090
102
{ACAD_REACTORS
330
1000008E
102
}
330
1000008E
100
AcDbXrecord
1000
KHLH
  0
XRECORD
  5
10000093
102
{ACAD_REACTORS
330
10000092
102
}
330
10000092
100
AcDbXrecord
1000
KHFH
  0
XRECORD
  5
10000094
102
{ACAD_REACTORS
330
10000092
102
}
330
10000092
100
AcDbXrecord
1000
KHHH
  0
XRECORD
  5
10000097
102
{ACAD_REACTORS
330
10000096
102
}
330
10000096
100
AcDbXrecord
1000
KHBH
  0
XRECORD
  5
10000098
102
{ACAD_REACTORS
330
10000096
102
}
330
10000096
100
AcDbXrecord
1000
KHDH
  0
XRECORD
  5
1000009B
102
{ACAD_REACTORS
330
1000009A
102
}
330
1000009A
100
AcDbXrecord
1000
KH9G
  0
XRECORD
  5
1000009C
102
{ACAD_REACTORS
330
1000009A
102
}
330
1000009A
100
AcDbXrecord
1000
KH/G
  0
XRECORD
  5
1000009F
102
{ACAD_REACTORS
330
1000009E
102
}
330
1000009E
100
AcDbXrecord
1000
KH5G
  0
XRECORD
  5
100000A0
102
{ACAD_REACTORS
330
1000009E
102
}
330
1000009E
100
AcDbXrecord
1000
KH7G
  0
XRECORD
  5
100000A3
102
{ACAD_REACTORS
330
100000A2
102
}
330
100000A2
100
AcDbXrecord
1000
KH1G
  0
XRECORD
  5
100000A4
102
{ACAD_REACTORS
330
100000A2
102
}
330
100000A2
100
AcDbXrecord
1000
KH3G
  0
XRECORD
  5
100000A7
102
{ACAD_REACTORS
330
100000A6
102
}
330
100000A6
100
AcDbXrecord
1000
KHxG
  0
XRECORD
  5
100000A8
102
{ACAD_REACTORS
330
100000A6
102
}
330
100000A6
100
AcDbXrecord
1000
KHzG
  0
XRECORD
  5
100000AB
102
{ACAD_REACTORS
330
100000AA
102
}
330
100000AA
100
AcDbXrecord
1000
KHtG
  0
XRECORD
  5
100000AC
102
{ACAD_REACTORS
330
100000AA
102
}
330
100000AA
100
AcDbXrecord
1000
KHvG
  0
XRECORD
  5
100000AF
102
{ACAD_REACTORS
330
100000AE
102
}
330
100000AE
100
AcDbXrecord
1000
KHpG
  0
XRECORD
  5
100000B0
102
{ACAD_REACTORS
330
100000AE
102
}
330
100000AE
100
AcDbXrecord
1000
KHrG
  0
XRECORD
  5
100000B3
102
{ACAD_REACTORS
330
100000B2
102
}
330
100000B2
100
AcDbXrecord
1000
KHlG
  0
XRECORD
  5
100000B4
102
{ACAD_REACTORS
330
100000B2
102
}
330
100000B2
100
AcDbXrecord
1000
KHnG
  0
XRECORD
  5
100000B7
102
{ACAD_REACTORS
330
100000B6
102
}
330
100000B6
100
AcDbXrecord
1000
KHhG
  0
XRECORD
  5
100000B8
102
{ACAD_REACTORS
330
100000B6
102
}
330
100000B6
100
AcDbXrecord
1000
KHjG
  0
XRECORD
  5
100000BB
102
{ACAD_REACTORS
330
100000BA
102
}
330
100000BA
100
AcDbXrecord
1000
KHdG
  0
XRECORD
  5
100000BC
102
{ACAD_REACTORS
330
100000BA
102
}
330
100000BA
100
AcDbXrecord
1000
KHfG
  0
XRECORD
  5
100000BF
102
{ACAD_REACTORS
330
100000BE
102
}
330
100000BE
100
AcDbXrecord
1000
KHZG
  0
XRECORD
  5
100000C0
102
{ACAD_REACTORS
330
100000BE
102
}
330
100000BE
100
AcDbXrecord
1000
KHbG
  0
XRECORD
  5
100000C3
102
{ACAD_REACTORS
330
100000C2
102
}
330
100000C2
100
AcDbXrecord
1000
KHVG
  0
XRECORD
  5
100000C4
102
{ACAD_REACTORS
330
100000C2
102
}
330
100000C2
100
AcDbXrecord
1000
KHXG
  0
XRECORD
  5
100000C7
102
{ACAD_REACTORS
330
100000C6
102
}
330
100000C6
100
AcDbXrecord
1000
KHRG
  0
XRECORD
  5
100000C8
102
{ACAD_REACTORS
330
100000C6
102
}
330
100000C6
100
AcDbXrecord
1000
KHTG
  0
XRECORD
  5
100000CB
102
{ACAD_REACTORS
330
100000CA
102
}
330
100000CA
100
AcDbXrecord
1000
KHNG
  0
XRECORD
  5
100000CC
102
{ACAD_REACTORS
330
100000CA
102
}
330
100000CA
100
AcDbXrecord
1000
KHPG
  0
XRECORD
  5
100000CF
102
{ACAD_REACTORS
330
100000CE
102
}
330
100000CE
100
AcDbXrecord
1000
KHJG
  0
XRECORD
  5
100000D0
102
{ACAD_REACTORS
330
100000CE
102
}
330
100000CE
100
AcDbXrecord
1000
KHLG
  0
XRECORD
  5
100000D3
102
{ACAD_REACTORS
330
100000D2
102
}
330
100000D2
100
AcDbXrecord
1000
KHFG
  0
XRECORD
  5
100000D4
102
{ACAD_REACTORS
330
100000D2
102
}
330
100000D2
100
AcDbXrecord
1000
KHHG
  0
XRECORD
  5
100000D7
102
{ACAD_REACTORS
330
100000D6
102
}
330
100000D6
100
AcDbXrecord
1000
KHBG
  0
XRECORD
  5
100000D8
102
{ACAD_REACTORS
330
100000D6
102
}
330
100000D6
100
AcDbXrecord
1000
KHDG
  0
XRECORD
  5
100000DB
102
{ACAD_REACTORS
330
100000DA
102
}
330
100000DA
100
AcDbXrecord
1000
KH9F
  0
XRECORD
  5
100000DC
102
{ACAD_REACTORS
330
100000DA
102
}
330
100000DA
100
AcDbXrecord
1000
KH/F
  0
XRECORD
  5
100000DF
102
{ACAD_REACTORS
330
100000DE
102
}
330
100000DE
100
AcDbXrecord
1000
KH5F
  0
XRECORD
  5
100000E0
102
{ACAD_REACTORS
330
100000DE
102
}
330
100000DE
100
AcDbXrecord
1000
KH7F
  0
XRECORD
  5
100000E3
102
{ACAD_REACTORS
330
100000E2
102
}
330
100000E2
100
AcDbXrecord
1000
KH1F
  0
XRECORD
  5
100000E4
102
{ACAD_REACTORS
330
100000E2
102
}
330
100000E2
100
AcDbXrecord
1000
KH3F
  0
XRECORD
  5
100000E7
102
{ACAD_REACTORS
330
100000E6
102
}
330
100000E6
100
AcDbXrecord
1000
KHpC
  0
XRECORD
  5
100000E8
102
{ACAD_REACTORS
330
100000E6
102
}
330
100000E6
100
AcDbXrecord
1000
KHrC
  0
XRECORD
  5
100000EB
102
{ACAD_REACTORS
330
100000EA
102
}
330
100000EA
100
AcDbXrecord
1000
KHtC
  0
XRECORD
  5
100000EC
102
{ACAD_REACTORS
330
100000EA
102
}
330
100000EA
100
AcDbXrecord
1000
KHvC
  0
XRECORD
  5
100000EF
102
{ACAD_REACTORS
330
100000EE
102
}
330
100000EE
100
AcDbXrecord
1000
KHxC
  0
XRECORD
  5
100000F0
102
{ACAD_REACTORS
330
100000EE
102
}
330
100000EE
100
AcDbXrecord
1000
KHzC
  0
XRECORD
  5
100000F3
102
{ACAD_REACTORS
330
100000F2
102
}
330
100000F2
100
AcDbXrecord
1000
JH5
  0
XRECORD
  5
100000F4
102
{ACAD_REACTORS
330
100000F2
102
}
330
100000F2
100
AcDbXrecord
1000
JH7
  0
XRECORD
  5
100000F7
102
{ACAD_REACTORS
330
100000F6
102
}
330
100000F6
100
AcDbXrecord
1000
KH1C
  0
XRECORD
  5
100000F8
102
{ACAD_REACTORS
330
100000F6
102
}
330
100000F6
100
AcDbXrecord
1000
KH3C
  0
XRECORD
  5
100000FB
102
{ACAD_REACTORS
330
100000FA
102
}
330
100000FA
100
AcDbXrecord
1000
JH9
  0
XRECORD
  5
100000FC
102
{ACAD_REACTORS
330
100000FA
102
}
330
100000FA
100
AcDbXrecord
1000
JH/
  0
XRECORD
  5
100000FF
102
{ACAD_REACTORS
330
100000FE
102
}
330
100000FE
100
AcDbXrecord
1000
KH5C
  0
XRECORD
  5
10000100
102
{ACAD_REACTORS
330
100000FE
102
}
330
100000FE
100
AcDbXrecord
1000
KH7C
  0
XRECORD
  5
10000103
102
{ACAD_REACTORS
330
10000102
102
}
330
10000102
100
AcDbXrecord
1000
KH9C
  0
XRECORD
  5
10000104
102
{ACAD_REACTORS
330
10000102
102
}
330
10000102
100
AcDbXrecord
1000
KH/C
  0
XRECORD
  5
10000107
102
{ACAD_REACTORS
330
10000106
102
}
330
10000106
100
AcDbXrecord
1000
JHt
  0
XRECORD
  5
10000108
102
{ACAD_REACTORS
330
10000106
102
}
330
10000106
100
AcDbXrecord
1000
JHv
  0
XRECORD
  5
1000010B
102
{ACAD_REACTORS
330
1000010A
102
}
330
1000010A
100
AcDbXrecord
1000
KHpF
  0
XRECORD
  5
1000010C
102
{ACAD_REACTORS
330
1000010A
102
}
330
1000010A
100
AcDbXrecord
1000
KHrF
  0
XRECORD
  5
1000010F
102
{ACAD_REACTORS
330
1000010E
102
}
330
1000010E
100
AcDbXrecord
1000
KHBD
  0
XRECORD
  5
10000110
102
{ACAD_REACTORS
330
1000010E
102
}
330
1000010E
100
AcDbXrecord
1000
KHDD
  0
XRECORD
  5
10000113
102
{ACAD_REACTORS
330
10000112
102
}
330
10000112
100
AcDbXrecord
1000
JHx
  0
XRECORD
  5
10000114
102
{ACAD_REACTORS
330
10000112
102
}
330
10000112
100
AcDbXrecord
1000
JHz
  0
XRECORD
  5
10000117
102
{ACAD_REACTORS
330
10000116
102
}
330
10000116
100
AcDbXrecord
1000
KHtF
  0
XRECORD
  5
10000118
102
{ACAD_REACTORS
330
10000116
102
}
330
10000116
100
AcDbXrecord
1000
KHvF
  0
XRECORD
  5
1000011B
102
{ACAD_REACTORS
330
1000011A
102
}
330
1000011A
100
AcDbXrecord
1000
KHFD
  0
XRECORD
  5
1000011C
102
{ACAD_REACTORS
330
1000011A
102
}
330
1000011A
100
AcDbXrecord
1000
KHHD
  0
XRECORD
  5
1000011F
102
{ACAD_REACTORS
330
1000011E
102
}
330
1000011E
100
AcDbXrecord
1000
KH9B
  0
XRECORD
  5
10000120
102
{ACAD_REACTORS
330
1000011E
102
}
330
1000011E
100
AcDbXrecord
1000
KH/B
  0
XRECORD
  5
10000123
102
{ACAD_REACTORS
330
10000122
102
}
330
10000122
100
AcDbXrecord
1000
JH1
  0
XRECORD
  5
10000124
102
{ACAD_REACTORS
330
10000122
102
}
330
10000122
100
AcDbXrecord
1000
JH3
  0
XRECORD
  5
10000127
102
{ACAD_REACTORS
330
10000126
102
}
330
10000126
100
AcDbXrecord
1000
KHxF
  0
XRECORD
  5
10000128
102
{ACAD_REACTORS
330
10000126
102
}
330
10000126
100
AcDbXrecord
1000
KHzF
  0
XRECORD
  5
1000012B
102
{ACAD_REACTORS
330
1000012A
102
}
330
1000012A
100
AcDbXrecord
1000
KHJD
  0
XRECORD
  5
1000012C
102
{ACAD_REACTORS
330
1000012A
102
}
330
1000012A
100
AcDbXrecord
1000
KHLD
  0
XRECORD
  5
1000012F
102
{ACAD_REACTORS
330
1000012E
102
}
330
1000012E
100
AcDbXrecord
1000
KH5D
  0
XRECORD
  5
10000130
102
{ACAD_REACTORS
330
1000012E
102
}
330
1000012E
100
AcDbXrecord
1000
KH7D
  0
XRECORD
  5
10000133
102
{ACAD_REACTORS
330
10000132
102
}
330
10000132
100
AcDbXrecord
1000
KH9D
  0
XRECORD
  5
10000134
102
{ACAD_REACTORS
330
10000132
102
}
330
10000132
100
AcDbXrecord
1000
KH/D
  0
XRECORD
  5
10000137
102
{ACAD_REACTORS
330
10000136
102
}
330
10000136
100
AcDbXrecord
1000
KHBE
  0
XRECORD
  5
10000138
102
{ACAD_REACTORS
330
10000136
102
}
330
10000136
100
AcDbXrecord
1000
KHDE
  0
XRECORD
  5
1000013B
102
{ACAD_REACTORS
330
1000013A
102
}
330
1000013A
100
AcDbXrecord
1000
KHFE
  0
XRECORD
  5
1000013C
102
{ACAD_REACTORS
330
1000013A
102
}
330
1000013A
100
AcDbXrecord
1000
KHHE
  0
XRECORD
  5
1000013F
102
{ACAD_REACTORS
330
1000013E
102
}
330
1000013E
100
AcDbXrecord
1000
KH5B
  0
XRECORD
  5
10000140
102
{ACAD_REACTORS
330
1000013E
102
}
330
1000013E
100
AcDbXrecord
1000
KH7B
  0
XRECORD
  5
10000143
102
{ACAD_REACTORS
330
10000142
102
}
330
10000142
100
AcDbXrecord
1000
KHNE
  0
XRECORD
  5
10000144
102
{ACAD_REACTORS
330
10000142
102
}
330
10000142
100
AcDbXrecord
1000
KHPE
  0
XRECORD
  5
10000147
102
{ACAD_REACTORS
330
10000146
102
}
330
10000146
100
AcDbXrecord
1000
KHJE
  0
XRECORD
  5
10000148
102
{ACAD_REACTORS
330
10000146
102
}
330
10000146
100
AcDbXrecord
1000
KHLE
  0
XRECORD
  5
1000014B
102
{ACAD_REACTORS
330
1000014A
102
}
330
1000014A
100
AcDbXrecord
1000
KHBC
  0
XRECORD
  5
1000014C
102
{ACAD_REACTORS
330
1000014A
102
}
330
1000014A
100
AcDbXrecord
1000
KHDC
  0
XRECORD
  5
1000014F
102
{ACAD_REACTORS
330
1000014E
102
}
330
1000014E
100
AcDbXrecord
1000
KH1D
  0
XRECORD
  5
10000150
102
{ACAD_REACTORS
330
1000014E
102
}
330
1000014E
100
AcDbXrecord
1000
KH3D
  0
XRECORD
  5
10000153
102
{ACAD_REACTORS
330
10000152
102
}
330
10000152
100
AcDbXrecord
1000
KHxD
  0
XRECORD
  5
10000154
102
{ACAD_REACTORS
330
10000152
102
}
330
10000152
100
AcDbXrecord
1000
KHzD
  0
XRECORD
  5
10000157
102
{ACAD_REACTORS
330
10000156
102
}
330
10000156
100
AcDbXrecord
1000
KHtD
  0
XRECORD
  5
10000158
102
{ACAD_REACTORS
330
10000156
102
}
330
10000156
100
AcDbXrecord
1000
KHvD
  0
XRECORD
  5
1000015B
102
{ACAD_REACTORS
330
1000015A
102
}
330
1000015A
100
AcDbXrecord
1000
KHpD
  0
XRECORD
  5
1000015C
102
{ACAD_REACTORS
330
1000015A
102
}
330
1000015A
100
AcDbXrecord
1000
KHrD
  0
XRECORD
  5
1000015F
102
{ACAD_REACTORS
330
1000015E
102
}
330
1000015E
100
AcDbXrecord
1000
KHlD
  0
XRECORD
  5
10000160
102
{ACAD_REACTORS
330
1000015E
102
}
330
1000015E
100
AcDbXrecord
1000
KHnD
  0
XRECORD
  5
10000163
102
{ACAD_REACTORS
330
10000162
102
}
330
10000162
100
AcDbXrecord
1000
KHNB
  0
XRECORD
  5
10000164
102
{ACAD_REACTORS
330
10000162
102
}
330
10000162
100
AcDbXrecord
1000
KHPB
  0
XRECORD
  5
10000167
102
{ACAD_REACTORS
330
10000166
102
}
330
10000166
100
AcDbXrecord
1000
KHhD
  0
XRECORD
  5
10000168
102
{ACAD_REACTORS
330
10000166
102
}
330
10000166
100
AcDbXrecord
1000
KHjD
  0
XRECORD
  5
1000016B
102
{ACAD_REACTORS
330
1000016A
102
}
330
1000016A
100
AcDbXrecord
1000
KHJB
  0
XRECORD
  5
1000016C
102
{ACAD_REACTORS
330
1000016A
102
}
330
1000016A
100
AcDbXrecord
1000
KHLB
  0
XRECORD
  5
1000016F
102
{ACAD_REACTORS
330
1000016E
102
}
330
1000016E
100
AcDbXrecord
1000
KHdD
  0
XRECORD
  5
10000170
102
{ACAD_REACTORS
330
1000016E
102
}
330
1000016E
100
AcDbXrecord
1000
KHfD
  0
XRECORD
  5
10000173
102
{ACAD_REACTORS
330
10000172
102
}
330
10000172
100
AcDbXrecord
1000
KHFB
  0
XRECORD
  5
10000174
102
{ACAD_REACTORS
330
10000172
102
}
330
10000172
100
AcDbXrecord
1000
KHHB
  0
XRECORD
  5
10000177
102
{ACAD_REACTORS
330
10000176
102
}
330
10000176
100
AcDbXrecord
1000
KHZD
  0
XRECORD
  5
10000178
102
{ACAD_REACTORS
330
10000176
102
}
330
10000176
100
AcDbXrecord
1000
KHbD
  0
XRECORD
  5
1000017B
102
{ACAD_REACTORS
330
1000017A
102
}
330
1000017A
100
AcDbXrecord
1000
KHBB
  0
XRECORD
  5
1000017C
102
{ACAD_REACTORS
330
1000017A
102
}
330
1000017A
100
AcDbXrecord
1000
KHDB
  0
XRECORD
  5
1000017F
102
{ACAD_REACTORS
330
1000017E
102
}
330
1000017E
100
AcDbXrecord
1000
KHVD
  0
XRECORD
  5
10000180
102
{ACAD_REACTORS
330
1000017E
102
}
330
1000017E
100
AcDbXrecord
1000
KHXD
  0
XRECORD
  5
10000183
102
{ACAD_REACTORS
330
10000182
102
}
330
10000182
100
AcDbXrecord
1000
KHlC
  0
XRECORD
  5
10000184
102
{ACAD_REACTORS
330
10000182
102
}
330
10000182
100
AcDbXrecord
1000
KHnC
  0
XRECORD
  5
10000187
102
{ACAD_REACTORS
330
10000186
102
}
330
10000186
100
AcDbXrecord
1000
KHRC
  0
XRECORD
  5
10000188
102
{ACAD_REACTORS
330
10000186
102
}
330
10000186
100
AcDbXrecord
1000
KHTC
  0
XRECORD
  5
1000018B
102
{ACAD_REACTORS
330
1000018A
102
}
330
1000018A
100
AcDbXrecord
1000
JHV
  0
XRECORD
  5
1000018C
102
{ACAD_REACTORS
330
1000018A
102
}
330
1000018A
100
AcDbXrecord
1000
JHX
  0
XRECORD
  5
1000018F
102
{ACAD_REACTORS
330
1000018E
102
}
330
1000018E
100
AcDbXrecord
1000
KHRF
  0
XRECORD
  5
10000190
102
{ACAD_REACTORS
330
1000018E
102
}
330
1000018E
100
AcDbXrecord
1000
KHTF
  0
XRECORD
  5
10000193
102
{ACAD_REACTORS
330
10000192
102
}
330
10000192
100
AcDbXrecord
1000
KHNC
  0
XRECORD
  5
10000194
102
{ACAD_REACTORS
330
10000192
102
}
330
10000192
100
AcDbXrecord
1000
KHPC
  0
XRECORD
  5
10000197
102
{ACAD_REACTORS
330
10000196
102
}
330
10000196
100
AcDbXrecord
1000
KHVC
  0
XRECORD
  5
10000198
102
{ACAD_REACTORS
330
10000196
102
}
330
10000196
100
AcDbXrecord
1000
KHXC
  0
XRECORD
  5
1000019B
102
{ACAD_REACTORS
330
1000019A
102
}
330
1000019A
100
AcDbXrecord
1000
JHh
  0
XRECORD
  5
1000019C
102
{ACAD_REACTORS
330
1000019A
102
}
330
1000019A
100
AcDbXrecord
1000
JHj
  0
XRECORD
  5
1000019F
102
{ACAD_REACTORS
330
1000019E
102
}
330
1000019E
100
AcDbXrecord
1000
KHdF
  0
XRECORD
  5
100001A0
102
{ACAD_REACTORS
330
1000019E
102
}
330
1000019E
100
AcDbXrecord
1000
KHfF
  0
XRECORD
  5
100001A3
102
{ACAD_REACTORS
330
100001A2
102
}
330
100001A2
100
AcDbXrecord
1000
KHZC
  0
XRECORD
  5
100001A4
102
{ACAD_REACTORS
330
100001A2
102
}
330
100001A2
100
AcDbXrecord
1000
KHbC
  0
XRECORD
  5
100001A7
102
{ACAD_REACTORS
330
100001A6
102
}
330
100001A6
100
AcDbXrecord
1000
JHl
  0
XRECORD
  5
100001A8
102
{ACAD_REACTORS
330
100001A6
102
}
330
100001A6
100
AcDbXrecord
1000
JHn
  0
XRECORD
  5
100001AB
102
{ACAD_REACTORS
330
100001AA
102
}
330
100001AA
100
AcDbXrecord
1000
KHhF
  0
XRECORD
  5
100001AC
102
{ACAD_REACTORS
330
100001AA
102
}
330
100001AA
100
AcDbXrecord
1000
KHjF
  0
XRECORD
  5
100001AF
102
{ACAD_REACTORS
330
100001AE
102
}
330
100001AE
100
AcDbXrecord
1000
KHdC
  0
XRECORD
  5
100001B0
102
{ACAD_REACTORS
330
100001AE
102
}
330
100001AE
100
AcDbXrecord
1000
KHfC
  0
XRECORD
  5
100001B3
102
{ACAD_REACTORS
330
100001B2
102
}
330
100001B2
100
AcDbXrecord
1000
JHp
  0
XRECORD
  5
100001B4
102
{ACAD_REACTORS
330
100001B2
102
}
330
100001B2
100
AcDbXrecord
1000
JHr
  0
XRECORD
  5
100001B7
102
{ACAD_REACTORS
330
100001B6
102
}
330
100001B6
100
AcDbXrecord
1000
KHlF
  0
XRECORD
  5
100001B8
102
{ACAD_REACTORS
330
100001B6
102
}
330
100001B6
100
AcDbXrecord
1000
KHnF
  0
XRECORD
  5
100001BB
102
{ACAD_REACTORS
330
100001BA
102
}
330
100001BA
100
AcDbXrecord
1000
KHhC
  0
XRECORD
  5
100001BC
102
{ACAD_REACTORS
330
100001BA
102
}
330
100001BA
100
AcDbXrecord
1000
KHjC
  0
XRECORD
  5
100001BF
102
{ACAD_REACTORS
330
100001BE
102
}
330
100001BE
100
AcDbXrecord
1000
KHFC
  0
XRECORD
  5
100001C0
102
{ACAD_REACTORS
330
100001BE
102
}
330
100001BE
100
AcDbXrecord
1000
KHHC
  0
XRECORD
  5
100001C3
102
{ACAD_REACTORS
330
100001C2
102
}
330
100001C2
100
AcDbXrecord
1000
JHZ
  0
XRECORD
  5
100001C4
102
{ACAD_REACTORS
330
100001C2
102
}
330
100001C2
100
AcDbXrecord
1000
JHb
  0
XRECORD
  5
100001C7
102
{ACAD_REACTORS
330
100001C6
102
}
330
100001C6
100
AcDbXrecord
1000
KHVF
  0
XRECORD
  5
100001C8
102
{ACAD_REACTORS
330
100001C6
102
}
330
100001C6
100
AcDbXrecord
1000
KHXF
  0
XRECORD
  5
100001CB
102
{ACAD_REACTORS
330
100001CA
102
}
330
100001CA
100
AcDbXrecord
1000
KHND
  0
XRECORD
  5
100001CC
102
{ACAD_REACTORS
330
100001CA
102
}
330
100001CA
100
AcDbXrecord
1000
KHPD
  0
XRECORD
  5
100001CF
102
{ACAD_REACTORS
330
100001CE
102
}
330
100001CE
100
AcDbXrecord
1000
KHJC
  0
XRECORD
  5
100001D0
102
{ACAD_REACTORS
330
100001CE
102
}
330
100001CE
100
AcDbXrecord
1000
KHLC
  0
XRECORD
  5
100001D3
102
{ACAD_REACTORS
330
100001D2
102
}
330
100001D2
100
AcDbXrecord
1000
JHd
  0
XRECORD
  5
100001D4
102
{ACAD_REACTORS
330
100001D2
102
}
330
100001D2
100
AcDbXrecord
1000
JHf
  0
XRECORD
  5
100001D7
102
{ACAD_REACTORS
330
100001D6
102
}
330
100001D6
100
AcDbXrecord
1000
KHZF
  0
XRECORD
  5
100001D8
102
{ACAD_REACTORS
330
100001D6
102
}
330
100001D6
100
AcDbXrecord
1000
KHbF
  0
XRECORD
  5
100001DB
102
{ACAD_REACTORS
330
100001DA
102
}
330
100001DA
100
AcDbXrecord
1000
KHRD
  0
XRECORD
  5
100001DC
102
{ACAD_REACTORS
330
100001DA
102
}
330
100001DA
100
AcDbXrecord
1000
KHTD
  0
XRECORD
  5
100001DF
102
{ACAD_REACTORS
330
100001DE
102
}
330
100001DE
100
AcDbXrecord
1000
KHRE
  0
XRECORD
  5
100001E0
102
{ACAD_REACTORS
330
100001DE
102
}
330
100001DE
100
AcDbXrecord
1000
KHTE
  0
XRECORD
  5
100001E3
102
{ACAD_REACTORS
330
100001E2
102
}
330
100001E2
100
AcDbXrecord
1000
KHVE
  0
XRECORD
  5
100001E4
102
{ACAD_REACTORS
330
100001E2
102
}
330
100001E2
100
AcDbXrecord
1000
KHXE
  0
XRECORD
  5
100001E7
102
{ACAD_REACTORS
330
100001E6
102
}
330
100001E6
100
AcDbXrecord
1000
KHZE
  0
XRECORD
  5
100001E8
102
{ACAD_REACTORS
330
100001E6
102
}
330
100001E6
100
AcDbXrecord
1000
KHbE
  0
XRECORD
  5
100001EB
102
{ACAD_REACTORS
330
100001EA
102
}
330
100001EA
100
AcDbXrecord
1000
KHdE
  0
XRECORD
  5
100001EC
102
{ACAD_REACTORS
330
100001EA
102
}
330
100001EA
100
AcDbXrecord
1000
KHfE
  0
XRECORD
  5
100001EF
102
{ACAD_REACTORS
330
100001EE
102
}
330
100001EE
100
AcDbXrecord
1000
KHhE
  0
XRECORD
  5
100001F0
102
{ACAD_REACTORS
330
100001EE
102
}
330
100001EE
100
AcDbXrecord
1000
KHjE
  0
XRECORD
  5
100001F3
102
{ACAD_REACTORS
330
100001F2
102
}
330
100001F2
100
AcDbXrecord
1000
KHlE
  0
XRECORD
  5
100001F4
102
{ACAD_REACTORS
330
100001F2
102
}
330
100001F2
100
AcDbXrecord
1000
KHnE
  0
XRECORD
  5
100001F7
102
{ACAD_REACTORS
330
100001F6
102
}
330
100001F6
100
AcDbXrecord
1000
KHpE
  0
XRECORD
  5
100001F8
102
{ACAD_REACTORS
330
100001F6
102
}
330
100001F6
100
AcDbXrecord
1000
KHrE
  0
XRECORD
  5
100001FB
102
{ACAD_REACTORS
330
100001FA
102
}
330
100001FA
100
AcDbXrecord
1000
KHtE
  0
XRECORD
  5
100001FC
102
{ACAD_REACTORS
330
100001FA
102
}
330
100001FA
100
AcDbXrecord
1000
KHvE
  0
XRECORD
  5
100001FF
102
{ACAD_REACTORS
330
100001FE
102
}
330
100001FE
100
AcDbXrecord
1000
KHxE
  0
XRECORD
  5
10000200
102
{ACAD_REACTORS
330
100001FE
102
}
330
100001FE
100
AcDbXrecord
1000
KHzE
  0
XRECORD
  5
10000203
102
{ACAD_REACTORS
330
10000202
102
}
330
10000202
100
AcDbXrecord
1000
KH1E
  0
XRECORD
  5
10000204
102
{ACAD_REACTORS
330
10000202
102
}
330
10000202
100
AcDbXrecord
1000
KH3E
  0
XRECORD
  5
10000207
102
{ACAD_REACTORS
330
10000206
102
}
330
10000206
100
AcDbXrecord
1000
KH5E
  0
XRECORD
  5
10000208
102
{ACAD_REACTORS
330
10000206
102
}
330
10000206
100
AcDbXrecord
1000
KH7E
  0
XRECORD
  5
1000020B
102
{ACAD_REACTORS
330
1000020A
102
}
330
1000020A
100
AcDbXrecord
1000
KH9E
  0
XRECORD
  5
1000020C
102
{ACAD_REACTORS
330
1000020A
102
}
330
1000020A
100
AcDbXrecord
1000
KH/E
  0
XRECORD
  5
1000020F
102
{ACAD_REACTORS
330
1000020E
102
}
330
1000020E
100
AcDbXrecord
1000
KHBF
  0
XRECORD
  5
10000210
102
{ACAD_REACTORS
330
1000020E
102
}
330
1000020E
100
AcDbXrecord
1000
KHDF
  0
XRECORD
  5
10000213
102
{ACAD_REACTORS
330
10000212
102
}
330
10000212
100
AcDbXrecord
1000
KHFF
  0
XRECORD
  5
10000214
102
{ACAD_REACTORS
330
10000212
102
}
330
10000212
100
AcDbXrecord
1000
KHHF
  0
XRECORD
  5
10000217
102
{ACAD_REACTORS
330
10000216
102
}
330
10000216
100
AcDbXrecord
1000
KHJF
  0
XRECORD
  5
10000218
102
{ACAD_REACTORS
330
10000216
102
}
330
10000216
100
AcDbXrecord
1000
KHLF
  0
XRECORD
  5
1000021B
102
{ACAD_REACTORS
330
1000021A
102
}
330
1000021A
100
AcDbXrecord
1000
KHNF
  0
XRECORD
  5
1000021C
102
{ACAD_REACTORS
330
1000021A
102
}
330
1000021A
100
AcDbXrecord
1000
KHPF
  0
MATERIAL
  5
45
102
{ACAD_REACTORS
330
43
102
}
102
{ACAD_XDICTIONARY
360
10000252
102
}
330
43
100
AcDbMaterial
  1
BYBLOCK
  0
MATERIAL
  5
44
102
{ACAD_REACTORS
330
43
102
}
102
{ACAD_XDICTIONARY
360
10000250
102
}
330
43
100
AcDbMaterial
  1
BYLAYER
  0
MATERIAL
  5
46
102
{ACAD_REACTORS
330
43
102
}
102
{ACAD_XDICTIONARY
360
10000254
102
}
330
43
100
AcDbMaterial
  1
GLOBAL
  0
ACAD_PROXY_OBJECT
  5
5C
102
{ACAD_REACTORS
330
5B
102
}
330
5B
100
AcDbProxyObject
 90
      499
 91
      505
 93
      610
310
40901902A4063FBFFFFFE0000000000000020400000000000020404214DD185B99185C990000000000000104090141901A00000000000004100000000000000041025764000000000000039000
340
14
340
0
340
11
340
0
 94
        0
1001
ACAD_MLEADERVER
1070
     2
  0
MLINESTYLE
  5
18
102
{ACAD_REACTORS
330
17
102
}
330
17
100
AcDbMlineStyle
  2
Standard
 70
     0
  3

 62
   256
 51
90.0
 52
90.0
 71
     2
 49
0.5
 62
   256
  6
BYLAYER
 49
-0.5
 62
   256
  6
BYLAYER
  0
ACAD_PROXY_OBJECT
  5
10000023
102
{ACAD_REACTORS
330
47
102
}
330
47
100
AcDbProxyObject
 90
      499
 91
      503
 93
      121
310
9053130303A310000000000001650100
  0
ACAD_PROXY_OBJECT
  5
1000001D
102
{ACAD_REACTORS
330
47
102
}
330
47
100
AcDbProxyObject
 90
      499
 91
      503
 93
      113
310
90431303A310000000000000910100
  0
ACAD_PROXY_OBJECT
  5
1000001E
102
{ACAD_REACTORS
330
47
102
}
330
47
100
AcDbProxyObject
 90
      499
 91
      503
 93
      113
310
90431323A310000000000000A10100
  0
ACAD_PROXY_OBJECT
  5
1000001F
102
{ACAD_REACTORS
330
47
102
}
330
47
100
AcDbProxyObject
 90
      499
 91
      503
 93
      113
310
90431363A310000000000000C10100
  0
ACAD_PROXY_OBJECT
  5
10000006
102
{ACAD_REACTORS
330
47
102
}
330
47
100
AcDbProxyObject
 90
      499
 91
      503
 93
       41
310
903313A31500
  0
ACAD_PROXY_OBJECT
  5
1000000D
102
{ACAD_REACTORS
330
47
102
}
330
47
100
AcDbProxyObject
 90
      499
 91
      503
 93
      113
310
904313A31304000000000000244000
  0
ACAD_PROXY_OBJECT
  5
10000016
102
{ACAD_REACTORS
330
47
102
}
330
47
100
AcDbProxyObject
 90
      499
 91
      503
 93
      121
310
905313A3130304000000000000594000
  0
ACAD_PROXY_OBJECT
  5
1000000E
102
{ACAD_REACTORS
330
47
102
}
330
47
100
AcDbProxyObject
 90
      499
 91
      503
 93
      113
310
904313A31324000000000000284000
  0
ACAD_PROXY_OBJECT
  5
1000000F
102
{ACAD_REACTORS
330
47
102
}
330
47
100
AcDbProxyObject
 90
      499
 91
      503
 93
      113
310
904313A31364000000000000304000
  0
ACAD_PROXY_OBJECT
  5
10000007
102
{ACAD_REACTORS
330
47
102
}
330
47
100
AcDbProxyObject
 90
      499
 91
      503
 93
      105
310
903313A324000000000000004000
  0
ACAD_PROXY_OBJECT
  5
10000010
102
{ACAD_REACTORS
330
47
102
}
330
47
100
AcDbProxyObject
 90
      499
 91
      503
 93
      113
310
904313A32304000000000000344000
  0
ACAD_PROXY_OBJECT
  5
10000011
102
{ACAD_REACTORS
330
47
102
}
330
47
100
AcDbProxyObject
 90
      499
 91
      503
 93
      113
310
904313A32354000000000000394000
  0
ACAD_PROXY_OBJECT
  5
10000008
102
{ACAD_REACTORS
330
47
102
}
330
47
100
AcDbProxyObject
 90
      499
 91
      503
 93
      105
310
903313A334000000000000084000
  0
ACAD_PROXY_OBJECT
  5
10000012
102
{ACAD_REACTORS
330
47
102
}
330
47
100
AcDbProxyObject
 90
      499
 91
      503
 93
      113
310
904313A33324000000000000404000
  0
ACAD_PROXY_OBJECT
  5
10000009
102
{ACAD_REACTORS
330
47
102
}
330
47
100
AcDbProxyObject
 90
      499
 91
      503
 93
      105
310
903313A344000000000000104000
  0
ACAD_PROXY_OBJECT
  5
10000013
102
{ACAD_REACTORS
330
47
102
}
330
47
100
AcDbProxyObject
 90
      499
 91
      503
 93
      113
310
904313A34304000000000000444000
  0
ACAD_PROXY_OBJECT
  5
1000000A
102
{ACAD_REACTORS
330
47
102
}
330
47
100
AcDbProxyObject
 90
      499
 91
      503
 93
      105
310
903313A354000000000000144000
  0
ACAD_PROXY_OBJECT
  5
10000014
102
{ACAD_REACTORS
330
47
102
}
330
47
100
AcDbProxyObject
 90
      499
 91
      503
 93
      113
310
904313A35304000000000000494000
  0
ACAD_PROXY_OBJECT
  5
1000000B
102
{ACAD_REACTORS
330
47
102
}
330
47
100
AcDbProxyObject
 90
      499
 91
      503
 93
      105
310
903313A364000000000000184000
  0
ACAD_PROXY_OBJECT
  5
1000000C
102
{ACAD_REACTORS
330
47
102
}
330
47
100
AcDbProxyObject
 90
      499
 91
      503
 93
      105
310
903313A384000000000000204000
  0
ACAD_PROXY_OBJECT
  5
10000015
102
{ACAD_REACTORS
330
47
102
}
330
47
100
AcDbProxyObject
 90
      499
 91
      503
 93
      113
310
904313A38304000000000000544000
  0
ACAD_PROXY_OBJECT
  5
10000020
102
{ACAD_REACTORS
330
47
102
}
330
47
100
AcDbProxyObject
 90
      499
 91
      503
 93
      113
310
90432303A310000000000000D10100
  0
ACAD_PROXY_OBJECT
  5
10000017
102
{ACAD_REACTORS
330
47
102
}
330
47
100
AcDbProxyObject
 90
      499
 91
      503
 93
      105
310
903323A310000000000000010100
  0
ACAD_PROXY_OBJECT
  5
10000021
102
{ACAD_REACTORS
330
47
102
}
330
47
100
AcDbProxyObject
 90
      499
 91
      503
 93
      113
310
90433323A310000000000001010100
  0
ACAD_PROXY_OBJECT
  5
10000018
102
{ACAD_REACTORS
330
47
102
}
330
47
100
AcDbProxyObject
 90
      499
 91
      503
 93
      105
310
903333A310000000000000210100
  0
ACAD_PROXY_OBJECT
  5
10000019
102
{ACAD_REACTORS
330
47
102
}
330
47
100
AcDbProxyObject
 90
      499
 91
      503
 93
      105
310
903343A310000000000000410100
  0
ACAD_PROXY_OBJECT
  5
10000022
102
{ACAD_REACTORS
330
47
102
}
330
47
100
AcDbProxyObject
 90
      499
 91
      503
 93
      113
310
90435303A310000000000001250100
  0
ACAD_PROXY_OBJECT
  5
1000001A
102
{ACAD_REACTORS
330
47
102
}
330
47
100
AcDbProxyObject
 90
      499
 91
      503
 93
      105
310
903353A310000000000000510100
  0
ACAD_PROXY_OBJECT
  5
1000001B
102
{ACAD_REACTORS
330
47
102
}
330
47
100
AcDbProxyObject
 90
      499
 91
      503
 93
      105
310
903363A310000000000000610100
  0
ACAD_PROXY_OBJECT
  5
1000001C
102
{ACAD_REACTORS
330
47
102
}
330
47
100
AcDbProxyObject
 90
      499
 91
      503
 93
      105
310
903383A310000000000000810100
  0
ACAD_PROXY_OBJECT
  5
2F
102
{ACAD_REACTORS
330
2A
102
}
330
2A
100
AcDbProxyObject
 90
      499
 91
      501
 93
      436
310
42CC9915DA5C99599C985B595049028333333333333E33F0000000000000F90107901411070040501600405405064090741402480A0340
1001
ACAD
1000
AcDbSavedByObjectVersion
1070
     0
  0
ACAD_PROXY_OBJECT
  5
32
102
{ACAD_REACTORS
330
2A
102
}
330
2A
100
AcDbProxyObject
 90
      499
 91
      501
 93
      388
310
4150985CDA58D07406404333333333333E33F0000000000000F90107A41107004050150841D405064090741402480A0350
1001
ACAD
1000
AcDbSavedByObjectVersion
1070
     0
  0
ACAD_PROXY_OBJECT
  5
36
102
{ACAD_REACTORS
330
2A
102
}
330
2A
100
AcDbProxyObject
 90
      499
 91
      501
 93
      428
310
42109C9A59DA1D195B90C409028333333333333E33F0000000000000F9010790141107004050150841D405064090741402480A029950
1001
ACAD
1000
AcDbSavedByObjectVersion
1070
     0
  0
ACAD_PROXY_OBJECT
  5
3A
102
{ACAD_REACTORS
330
2A
102
}
330
2A
100
AcDbProxyObject
 90
      499
 91
      501
 93
      452
310
42D0DBDB1BDC90DA185B99D95104090240C333333333333E33F0000000000000F90108901411070040501508421405064090741402480A0350
1001
ACAD
1000
AcDbSavedByObjectVersion
1070
     0
  0
ACAD_PROXY_OBJECT
  5
34
102
{ACAD_REACTORS
330
2A
102
}
330
2A
100
AcDbProxyObject
 90
      499
 91
      501
 93
      500
310
4290DBDB98D95C1D1D585B10940D028333333333333E33F0000000000000F90107902409070040501000000000018199010841D405064090740C02480A0340
1001
ACAD
1000
AcDbSavedByObjectVersion
1070
     0
  0
ACAD_PROXY_OBJECT
  5
35
102
{ACAD_REACTORS
330
2A
102
}
330
2A
100
AcDbProxyObject
 90
      499
 91
      501
 93
      412
310
40D11A5B50B409028333333333333E33F0000000000000F9010790141107004050150841D405064090741402480A02677FFFFFD0
1001
ACAD
1000
AcDbSavedByObjectVersion
1070
     0
  0
ACAD_PROXY_OBJECT
  5
3D
102
{ACAD_REACTORS
330
2A
102
}
330
2A
100
AcDbProxyObject
 90
      499
 91
      501
 93
      452
310
43115919D950DBDB1BDC93D999916409028333333333333E33F0000000000000F9010790141107004050150841D405064090741402480A0350
1001
ACAD
1000
AcDbSavedByObjectVersion
1070
     0
  0
ACAD_PROXY_OBJECT
  5
39
102
{ACAD_REACTORS
330
2A
102
}
330
2A
100
AcDbProxyObject
 90
      499
 91
      501
 93
      444
310
42D19858D95C185D1D195C9B90F409028333333333333E33F0000000000000F9010790141107004050150841D405064090741402480A0350
1001
ACAD
1000
AcDbSavedByObjectVersion
1070
     0
  0
ACAD_PROXY_OBJECT
  5
2B
102
{ACAD_REACTORS
330
2A
102
}
330
2A
100
AcDbProxyObject
 90
      499
 91
      501
 93
      380
310
41119B185D240901404333333333333E33F0000000000000F9010740A907004050150841D405064090741402480A1B50
1001
ACAD
1000
AcDbSavedByObjectVersion
1070
     0
  0
ACAD_PROXY_OBJECT
  5
2C
102
{ACAD_REACTORS
330
2A
102
}
330
2A
100
AcDbProxyObject
 90
      499
 91
      501
 93
      468
310
43519B185D15DA5D1A115919D95CD0140901404333333333333E33F0000000000000F90107409019070040501600405405064090741402480A1B50
1001
ACAD
1000
AcDbSavedByObjectVersion
1070
     0
  0
ACAD_PROXY_OBJECT
  5
2D
102
{ACAD_REACTORS
330
2A
102
}
330
2A
100
AcDbProxyObject
 90
      499
 91
      501
 93
      404
310
41D1DBDD5C985D5910240902404333333333333E33F0000000000000F9010740A9070040501641D405064090741402480A1B50
1001
ACAD
1000
AcDbSavedByObjectVersion
1070
     0
  0
ACAD_PROXY_OBJECT
  5
2E
102
{ACAD_REACTORS
330
2A
102
}
330
2A
100
AcDbProxyObject
 90
      499
 91
      501
 93
      492
310
4411DBDD5C985D5915DA5D1A115919D95CD0340902404333333333333E33F0000000000000F90107409019070040501600405405064090741402480A1B50
1001
ACAD
1000
AcDbSavedByObjectVersion
1070
     0
  0
ACAD_PROXY_OBJECT
  5
31
102
{ACAD_REACTORS
330
2A
102
}
330
2A
100
AcDbProxyObject
 90
      499
 91
      501
 93
      476
310
41921A5919195B90640502408333333333333E33F0000000000000F901079024090700405020000000000001110200405405064090740C02480A0340
1001
ACAD
1000
AcDbSavedByObjectVersion
1070
     0
  0
ACAD_PROXY_OBJECT
  5
3B
102
{ACAD_REACTORS
330
2A
102
}
330
2A
100
AcDbProxyObject
 90
      499
 91
      501
 93
      428
310
42529A5D1D195C93D999914409028333333333333E33F0000000000000F9010790141107004050150A41D405064090741402480A0350
1001
ACAD
1000
AcDbSavedByObjectVersion
1070
     0
  0
ACAD_PROXY_OBJECT
  5
38
102
{ACAD_REACTORS
330
2A
102
}
330
2A
100
AcDbProxyObject
 90
      499
 91
      501
 93
      444
310
42D31A5B995C185D1D195C9B90E409028333333333333E33F0000000000000F9010790141107004050750841D405064090741402483A0350
1001
ACAD
1000
AcDbSavedByObjectVersion
1070
     0
  0
ACAD_PROXY_OBJECT
  5
3C
102
{ACAD_REACTORS
330
2A
102
}
330
2A
100
AcDbProxyObject
 90
      499
 91
      501
 93
      444
310
42D3DD995C9A185B99D3D999915409028333333333333E33F0000000000000F9010790141107004050150941D405064090741402480A0350
1001
ACAD
1000
AcDbSavedByObjectVersion
1070
     0
  0
ACAD_PROXY_OBJECT
  5
33
102
{ACAD_REACTORS
330
2A
102
}
330
2A
100
AcDbProxyObject
 90
      499
 91
      501
 93
      428
310
425499585B1A5CDD1A58D08409038333333333333E33F0000000000000F9010740A907004050150800405405064090740C02480A1B40
1001
ACAD
1000
AcDbSavedByObjectVersion
1070
     0
  0
ACAD_PROXY_OBJECT
  5
42
102
{ACAD_REACTORS
330
2A
102
}
330
2A
100
AcDbProxyObject
 90
      499
 91
      501
 93
      420
310
4194DA1859195911B40902404333333333333E33F0000000000000F9010740A41107004050150800405405064090840C02480A0B40
1001
ACAD
1000
AcDbSavedByObjectVersion
1070
     0
  0
ACAD_PROXY_OBJECT
  5
41
102
{ACAD_REACTORS
330
2A
102
}
330
2A
100
AcDbProxyObject
 90
      499
 91
      501
 93
      516
310
4454DA18591959081DDA5D1A08195919D95CD1A40902404333333333333E33F0000000000000F901074090142907004050250800405405064090740C02480A0B40
1001
ACAD
1000
AcDbSavedByObjectVersion
1070
     0
  0
ACAD_PROXY_OBJECT
  5
3E
102
{ACAD_REACTORS
330
2A
102
}
330
2A
100
AcDbProxyObject
 90
      499
 91
      501
 93
      532
310
4394DA1859195CC81BD98811DC985E5174090240C333333333333E33F0000000000000F901079024090741D01000000000000111010841D405064090740C02480A0340
1001
ACAD
1000
AcDbSavedByObjectVersion
1070
     0
  0
ACAD_PROXY_OBJECT
  5
3F
102
{ACAD_REACTORS
330
2A
102
}
330
2A
100
AcDbProxyObject
 90
      499
 91
      501
 93
      476
310
41D4DAD95D18DA1E51840502408333333333333E33F0000000000000F901079024090741D01000000000000111010B41D405064090741802480A0340
1001
ACAD
1000
AcDbSavedByObjectVersion
1070
     0
  0
ACAD_PROXY_OBJECT
  5
37
102
{ACAD_REACTORS
330
2A
102
}
330
2A
100
AcDbProxyObject
 90
      499
 91
      501
 93
      412
310
41D51A1A58DAD95B90D409028333333333333E33F0000000000000F9010790141107004050150C41D405064090741402480A0350
1001
ACAD
1000
AcDbSavedByObjectVersion
1070
     0
  0
ACAD_PROXY_OBJECT
  5
30
102
{ACAD_REACTORS
330
2A
102
}
330
2A
100
AcDbProxyObject
 90
      499
 91
      501
 93
      420
310
4255DA5C99599C985B595059028333333333333E33F0000000000000F90107901411070040501600405405064090740C02480A0340
1001
ACAD
1000
AcDbSavedByObjectVersion
1070
     0
  0
ACAD_PROXY_OBJECT
  5
40
102
{ACAD_REACTORS
330
2A
102
}
330
2A
100
AcDbProxyObject
 90
      499
 91
      501
 93
      404
310
41560B54985E51940902404000000000000E03F0000000000000F9010740501907004050150841D405064090740C02480A1B40
1001
ACAD
1000
AcDbSavedByObjectVersion
1070
     0
  0
XRECORD
  5
10000229
102
{ACAD_REACTORS
330
1000021F
102
}
330
1000021F
100
AcDbXrecord
340
0
  0
XRECORD
  5
10000228
102
{ACAD_REACTORS
330
1000021F
102
}
330
1000021F
100
AcDbXrecord
 90
        0
  0
XRECORD
  5
1000023F
102
{ACAD_REACTORS
330
1000021F
102
}
330
1000021F
100
AcDbXrecord
1000
DSTYLE
1002
{
1070
   340
340
11
1002
}
  0
XRECORD
  5
1000022A
102
{ACAD_REACTORS
330
1000021F
102
}
330
1000021F
100
AcDbXrecord
  1
{66323436-7539-6572-3574-37763579b932}
  0
XRECORD
  5
10000222
102
{ACAD_REACTORS
330
1000021F
102
}
330
1000021F
100
AcDbXrecord
  1

  0
XRECORD
  5
10000227
102
{ACAD_REACTORS
330
1000021F
102
}
330
1000021F
100
AcDbXrecord
 90
        4
  0
XRECORD
  5
10000224
102
{ACAD_REACTORS
330
1000021F
102
}
330
1000021F
100
AcDbXrecord
340
1A
  0
XRECORD
  5
10000226
102
{ACAD_REACTORS
330
1000021F
102
}
330
1000021F
100
AcDbXrecord
 90
    10781
  0
XRECORD
  5
10000225
102
{ACAD_REACTORS
330
1000021F
102
}
330
1000021F
100
AcDbXrecord
340
19
  0
XRECORD
  5
1000022C
102
{ACAD_REACTORS
330
1000021F
102
}
330
1000021F
100
AcDbXrecord
 40
0.0
  0
XRECORD
  5
1000022F
102
{ACAD_REACTORS
330
1000021F
102
}
330
1000021F
100
AcDbXrecord
340
0
  0
XRECORD
  5
10000235
102
{ACAD_REACTORS
330
1000021F
102
}
330
1000021F
100
AcDbXrecord
 10
0.0
 20
0.0
 30
0.0
  0
XRECORD
  5
10000231
102
{ACAD_REACTORS
330
1000021F
102
}
330
1000021F
100
AcDbXrecord
 10
0.0
 20
0.0
 30
0.0
  0
XRECORD
  5
10000234
102
{ACAD_REACTORS
330
1000021F
102
}
330
1000021F
100
AcDbXrecord
 10
0.0
 20
0.0
 30
0.0
  0
XRECORD
  5
10000232
102
{ACAD_REACTORS
330
1000021F
102
}
330
1000021F
100
AcDbXrecord
 10
0.0
 20
0.0
 30
0.0
  0
XRECORD
  5
10000233
102
{ACAD_REACTORS
330
1000021F
102
}
330
1000021F
100
AcDbXrecord
 10
0.0
 20
0.0
 30
0.0
  0
XRECORD
  5
10000230
102
{ACAD_REACTORS
330
1000021F
102
}
330
1000021F
100
AcDbXrecord
 10
0.0
 20
0.0
 30
0.0
  0
XRECORD
  5
1000022D
102
{ACAD_REACTORS
330
1000021F
102
}
330
1000021F
100
AcDbXrecord
340
0
  0
XRECORD
  5
1000022E
102
{ACAD_REACTORS
330
1000021F
102
}
330
1000021F
100
AcDbXrecord
 70
     0
  0
XRECORD
  5
10000223
102
{ACAD_REACTORS
330
1000021F
102
}
330
1000021F
100
AcDbXrecord
  1

  0
XRECORD
  5
10000220
102
{ACAD_REACTORS
330
1000021F
102
}
330
1000021F
100
AcDbXrecord
 90
        1
  0
XRECORD
  5
10000221
102
{ACAD_REACTORS
330
1000021F
102
}
330
1000021F
100
AcDbXrecord
 90
       70
  0
XRECORD
  5
10000238
102
{ACAD_REACTORS
330
1000021F
102
}
330
1000021F
100
AcDbXrecord
340
0
  0
XRECORD
  5
1000023E
102
{ACAD_REACTORS
330
1000021F
102
}
330
1000021F
100
AcDbXrecord
 10
0.0
 20
0.0
 30
0.0
  0
XRECORD
  5
1000023A
102
{ACAD_REACTORS
330
1000021F
102
}
330
1000021F
100
AcDbXrecord
 10
0.0
 20
0.0
 30
0.0
  0
XRECORD
  5
1000023D
102
{ACAD_REACTORS
330
1000021F
102
}
330
1000021F
100
AcDbXrecord
 10
0.0
 20
0.0
 30
0.0
  0
XRECORD
  5
1000023B
102
{ACAD_REACTORS
330
1000021F
102
}
330
1000021F
100
AcDbXrecord
 10
0.0
 20
0.0
 30
0.0
  0
XRECORD
  5
1000023C
102
{ACAD_REACTORS
330
1000021F
102
}
330
1000021F
100
AcDbXrecord
 10
0.0
 20
0.0
 30
0.0
  0
XRECORD
  5
10000239
102
{ACAD_REACTORS
330
1000021F
102
}
330
1000021F
100
AcDbXrecord
 10
0.0
 20
0.0
 30
0.0
  0
XRECORD
  5
10000236
102
{ACAD_REACTORS
330
1000021F
102
}
330
1000021F
100
AcDbXrecord
340
0
  0
XRECORD
  5
10000237
102
{ACAD_REACTORS
330
1000021F
102
}
330
1000021F
100
AcDbXrecord
 70
     0
  0
XRECORD
  5
1000022B
102
{ACAD_REACTORS
330
1000021F
102
}
330
1000021F
100
AcDbXrecord
  1
{FAEB1C32-E019-11D5-929B-00C0DF256EC4}
  0
DICTIONARYVAR
  5
1000024E
102
{ACAD_REACTORS
330
10000240
102
}
330
10000240
100
DictionaryVariables
280
     0
  1
1:1
  0
DICTIONARYVAR
  5
10000247
102
{ACAD_REACTORS
330
10000240
102
}
330
10000240
100
DictionaryVariables
280
     0
  1
3.500000
  0
DICTIONARYVAR
  5
10000248
102
{ACAD_REACTORS
330
10000240
102
}
330
10000240
100
DictionaryVariables
280
     0
  1
acadiso.lin
  0
DICTIONARYVAR
  5
10000242
102
{ACAD_REACTORS
330
10000240
102
}
330
10000240
100
DictionaryVariables
280
     0
  1
Standard
  0
DICTIONARYVAR
  5
10000241
102
{ACAD_REACTORS
330
10000240
102
}
330
10000240
100
DictionaryVariables
280
     0
  1
Standard
  0
DICTIONARYVAR
  5
10000249
102
{ACAD_REACTORS
330
10000240
102
}
330
10000240
100
DictionaryVariables
280
     0
  1
2
  0
DICTIONARYVAR
  5
1000024A
102
{ACAD_REACTORS
330
10000240
102
}
330
10000240
100
DictionaryVariables
280
     0
  1
1
  0
DICTIONARYVAR
  5
1000024F
102
{ACAD_REACTORS
330
10000240
102
}
330
10000240
100
DictionaryVariables
280
     0
  1
1
  0
DICTIONARYVAR
  5
10000244
102
{ACAD_REACTORS
330
10000240
102
}
330
10000240
100
DictionaryVariables
280
     0
  1
80.000000
  0
DICTIONARYVAR
  5
10000243
102
{ACAD_REACTORS
330
10000240
102
}
330
10000240
100
DictionaryVariables
280
     0
  1
5.000000
  0
XRECORD
  5
10000003
102
{ACAD_REACTORS
330
10000001
102
}
330
10000001
100
AcDbXrecord
 70
     4
  0
XRECORD
  5
10000002
102
{ACAD_REACTORS
330
10000001
102
}
330
10000001
100
AcDbXrecord
1040
89.0
  0
ACAD_PROXY_OBJECT
  5
10000005
102
{ACAD_REACTORS
330
10000001
102
}
330
10000001
100
AcDbProxyObject
 90
      499
 91
      509
 93
       34
310
40C8804040
  0
DICTIONARY
  5
10000252
330
45
100
AcDbDictionary
280
     1
  3
ACAD_XREC_ROUNDTRIP
360
10000253
  0
DICTIONARY
  5
10000250
330
44
100
AcDbDictionary
280
     1
  3
ACAD_XREC_ROUNDTRIP
360
10000251
  0
DICTIONARY
  5
10000254
330
46
100
AcDbDictionary
280
     1
  3
ACAD_XREC_ROUNDTRIP
360
10000255
  0
XRECORD
  5
10000253
102
{ACAD_REACTORS
330
10000252
102
}
330
10000252
100
AcDbXrecord
102
MATERIAL
148
0.0
149
0.0
149
0.0
 93
        0
 94
      127
282
     0
 72
     1
 77
     1
171
     1
175
     1
179
     1
273
     0
  0
XRECORD
  5
10000251
102
{ACAD_REACTORS
330
10000250
102
}
330
10000250
100
AcDbXrecord
102
MATERIAL
148
0.0
149
0.0
149
0.0
 93
        0
 94
      127
282
     0
 72
     1
 77
     1
171
     1
175
     1
179
     1
273
     0
  0
XRECORD
  5
10000255
102
{ACAD_REACTORS
330
10000254
102
}
330
10000254
100
AcDbXrecord
102
MATERIAL
148
0.0
149
0.0
149
0.0
 93
        0
 94
      127
282
     0
 72
     1
 77
     1
171
     1
175
     1
179
     1
273
     0
  0
ENDSEC
  0
EOF
